,uniprotID,Ovary_Tumor_144T_IgG_2,Ovary_Tumor_144T_IgG_10,Liver_Tumor_159T_IgG_4,Liver_Tumor_159N_ORF1_5,Colon_Tumor_163T_IgG_7,Colon_Tumor_163N_ORF1_8,Total,IDIRT,GeneName
2035,Q9UN81,1,1,1,1,1,1,6,Yes,L1RE1
1276,Q13310-3,0,1,1,1,1,1,5,Yes,PABPC4
1747,Q96IZ0,1,1,1,1,0,0,4,No,PAWR
844,P33176,1,1,1,1,0,0,4,No,KIF5B
605,P11940,1,1,0,1,0,1,4,Yes,PABPC1
1190,Q02543,1,1,0,0,0,1,3,No,RPL18A
1120,P62917,1,1,0,1,0,0,3,No,RPL8
929,P46776,0,1,1,1,0,0,3,No,RPL27A
825,P31146,0,1,1,1,0,0,3,No,CORO1A
350,ORF1P.98,0,1,1,1,0,0,3,No,NA
343,ORF1P.77,0,1,1,1,0,0,3,No,NA
342,ORF1P.76,0,1,1,1,0,0,3,No,NA
335,ORF1P.60,1,1,0,1,0,0,3,No,NA
332,ORF1P.55,0,1,1,1,0,0,3,No,NA
329,ORF1P.45,0,1,1,1,0,0,3,No,NA
326,ORF1P.35,0,1,1,1,0,0,3,No,NA
315,ORF1P.122,0,1,1,1,0,0,3,No,NA
312,ORF1P.111,0,1,1,1,0,0,3,No,NA
311,ORF1P.110,0,1,1,1,0,0,3,No,NA
309,ORF1P.102,0,1,1,1,0,0,3,No,NA
242,O75400-3,0,0,0,1,1,1,3,No,PRPF40A
1,A2NJV5,0,1,0,1,1,0,3,No,IGKV2-29
2068,Q9Y383,0,0,0,1,0,1,2,No,LUC7L2
2065,Q9Y2W1,0,0,1,1,0,0,2,No,THRAP3
1859,Q9H0J9,0,0,0,0,1,1,2,No,PARP12
1855,Q9H074,0,0,0,1,0,1,2,No,PAIP1
1819,Q9BU76,0,1,0,1,0,0,2,No,MMTAG2
1572,Q86U42,0,0,1,1,0,0,2,No,PABPN1
1518,Q6PJT7-5,0,0,1,1,0,0,2,No,ZC3H14
1340,Q14498-2,1,0,0,1,0,0,2,No,RBM39
1308,Q13838,1,0,0,1,0,0,2,No,DDX39B
1225,Q07955,0,0,1,1,0,0,2,No,SRSF1
1175,Q01130,0,0,1,1,0,0,2,No,SRSF2
1171,Q00839-2,0,0,0,1,0,1,2,No,HNRNPU
1157,P84090,0,0,0,1,0,1,2,No,ERH
1153,P82979,0,0,1,1,0,0,2,No,SARNP
1083,P61978-3,0,0,0,1,0,1,2,No,HNRNPK
1062,P60842,1,0,0,0,0,1,2,No,EIF4A1
1002,P51991-2,0,0,0,1,0,1,2,No,HNRNPA3
931,P46778,1,1,0,0,0,0,2,No,RPL21
759,P24821,0,0,0,1,0,1,2,No,TNC
742,P23142,1,0,0,0,0,1,2,No,FBLN1
692,P18621-3,0,1,0,1,0,0,2,No,RPL17
600,P11678,1,1,0,0,0,0,2,No,EPX
568,P0DOY2,0,0,0,1,0,1,2,No,IGLC2
423,P02679-2,0,0,0,1,0,1,2,No,FGG
422,P02675,0,0,0,1,0,1,2,No,FGB
421,P02671-2,0,0,0,1,0,1,2,No,FGA
420,P02647,0,1,0,1,0,0,2,No,APOA1
407,P01871,0,0,0,1,0,1,2,No,IGHM
406,P01861,0,0,0,1,0,1,2,No,IGHG4
404,P01859,1,0,0,0,0,1,2,No,IGHG2
402,P01834,0,0,0,1,0,1,2,No,IGKC
390,P01619,0,0,0,0,1,1,2,No,IGKV3-20
333,ORF1P.56,0,1,0,1,0,0,2,No,NA
314,ORF1P.118,0,0,1,1,0,0,2,No,NA
310,ORF1P.109,1,1,0,0,0,0,2,No,NA
230,O75152,0,0,1,1,0,0,2,No,ZC3H11A
39,B9A064,0,0,0,1,0,1,2,No,IGLL5
2101,Q9Y6N9-2,0,0,0,0,0,1,1,No,USH1C
2099,Q9Y6M1-1,0,0,0,1,0,0,1,No,IGF2BP2
2096,Q9Y6C2,0,0,0,0,0,1,1,No,EMILIN1
2095,Q9Y6A4,0,1,0,0,0,0,1,No,CFAP20
2094,Q9Y678,1,0,0,0,0,0,1,No,COPG1
2051,Q9Y265,1,0,0,0,0,0,1,No,RUVBL1
2039,Q9UPN3,1,0,0,0,0,0,1,No,MACF1
2028,Q9ULV3-5,1,0,0,0,0,0,1,No,CIZ1
2010,Q9UJV9,0,0,0,1,0,0,1,No,DDX41
2008,Q9UJS0,1,0,0,0,0,0,1,No,SLC25A13
1995,Q9UH99,1,0,0,0,0,0,1,No,SUN2
1990,Q9UEY8-2,1,0,0,0,0,0,1,No,ADD3
1988,Q9UBX5,0,0,0,0,0,1,1,No,FBLN5
1959,Q9NZC9,0,0,0,0,1,0,1,No,SMARCAL1
1958,Q9NZB2,0,0,0,0,0,1,1,No,FAM120A
1941,Q9NWH9,1,0,0,0,0,0,1,No,SLTM
1939,Q9NWB6,0,0,0,1,0,0,1,No,ARGLU1
1930,Q9NUL7,1,0,0,0,0,0,1,No,DDX28
1922,Q9NR99,0,0,0,0,0,1,1,No,MXRA5
1918,Q9NQX6,1,0,0,0,0,0,1,No,ZNF331
1907,Q9NPI1,0,1,0,0,0,0,1,No,BRD7
1901,Q9HD89,0,0,0,0,0,1,1,No,RETN
1891,Q9HCE1,0,1,0,0,0,0,1,Yes,MOV10
1874,Q9H6W3,1,0,0,0,0,0,1,No,RIOX1
1856,Q9H074-3,0,0,0,1,0,0,1,No,PAIP1
1836,Q9BXX0,0,0,0,0,0,1,1,No,EMILIN2
1835,Q9BXU1-2,0,0,0,0,0,1,1,No,STK31
1829,Q9BWE0,1,0,0,0,0,0,1,No,REPIN1
1816,Q9BSJ8,1,0,0,0,0,0,1,No,ESYT1
1800,Q99996-5,1,0,0,0,0,0,1,No,AKAP9
1797,Q99848,0,1,0,0,0,0,1,No,EBNA1BP2
1793,Q99798,1,0,0,0,0,0,1,No,ACO2
1791,Q99715,0,0,0,0,0,1,1,No,COL12A1
1780,Q96SQ5-2,1,0,0,0,0,0,1,No,ZNF587
1732,Q96FJ2,1,0,0,0,0,0,1,No,DYNLL2
1707,Q93009-3,1,0,0,0,0,0,1,No,USP7
1702,Q92900-2,0,1,0,0,0,0,1,Yes,UPF1
1691,Q92621,1,0,0,0,0,0,1,No,NUP205
1675,Q8WWU7-2,1,0,0,0,0,0,1,No,ITLN2
1651,Q8TBZ8,1,0,0,0,0,0,1,No,ZNF564
1641,Q8NF91-8,1,0,0,0,0,0,1,No,SYNE1
1624,Q8N8V4,0,0,0,0,0,1,1,No,ANKS4B
1621,Q8N4W9,1,0,0,0,0,0,1,No,ZNF808
1616,Q8N3C0,1,0,0,0,0,0,1,No,ASCC3
1610,Q8IZL8,0,1,0,0,0,0,1,No,PELP1
1587,Q8IUD2-2,0,0,0,1,0,0,1,No,ERC1
1577,Q86VP6,1,0,0,0,0,0,1,No,CAND1
1561,Q7Z3V4,0,0,0,0,0,1,1,No,UBE3B
1527,Q6UX06,0,0,0,0,0,1,1,No,OLFM4
1525,Q6UWR7,1,0,0,0,0,0,1,No,ENPP6
1520,Q6PKG0-3,0,1,0,0,0,0,1,No,LARP1
1514,Q6PCB0,0,0,0,0,0,1,1,No,VWA1
1498,Q6AI39,0,1,0,0,0,0,1,No,BICRAL
1489,Q63HN8,0,0,0,0,0,1,1,No,RNF213
1480,Q5T7N2,0,1,0,0,0,0,1,No,L1TD1
1474,Q5T0W9,1,0,0,0,0,0,1,No,FAM83B
1470,Q5SNT2-2,1,0,0,0,0,0,1,No,TMEM201
1460,Q580R0,0,1,0,0,0,0,1,No,NA
1445,Q3ZCQ8-2,1,0,0,0,0,0,1,No,TIMM50
1444,Q3ZCM7,1,0,0,0,0,0,1,No,TUBB8
1434,Q1KMD3,0,0,0,1,0,0,1,No,HNRNPUL2
1424,Q16787,0,0,0,0,0,1,1,No,LAMA3
1420,Q16629-3,0,0,0,1,0,0,1,No,SRSF7
1419,Q16610,0,0,0,0,0,1,1,No,ECM1
1415,Q16363,0,0,0,0,0,1,1,No,LAMA4
1410,Q15746-9,1,0,0,0,0,0,1,No,MYLK
1407,Q15582,0,0,0,0,0,1,1,No,TGFBI
1402,Q15437,1,0,0,0,0,0,1,No,SEC23B
1401,Q15436,0,0,0,0,0,1,1,No,SEC23A
1388,Q15233,0,0,0,0,0,1,1,No,NONO
1364,Q15019,1,0,0,0,0,0,1,No,2-Sep
1362,Q14980-2,1,0,0,0,0,0,1,No,NUMA1
1358,Q14767,0,0,0,0,0,1,1,No,LTBP2
1357,Q14766-3,0,0,0,0,0,1,1,No,LTBP1
1344,Q14573,1,0,0,0,0,0,1,No,ITPR3
1335,Q14314,0,0,0,0,0,1,1,No,FGL2
1334,Q14258,1,0,0,0,0,0,1,No,TRIM25
1333,Q14254,0,0,0,0,0,1,1,No,FLOT2
1328,Q14203-5,1,0,0,0,0,0,1,No,DCTN1
1315,Q14112,0,0,0,0,0,1,1,No,NID2
1303,Q13753-2,0,0,0,0,0,1,1,No,LAMC2
1302,Q13751,0,0,0,0,0,1,1,No,LAMB3
1292,Q13547,1,0,0,0,0,0,1,No,HDAC1
1286,Q13428-2,0,1,0,0,0,0,1,No,TCOF1
1284,Q13425,1,0,0,0,0,0,1,No,SNTB2
1274,Q13247-3,0,0,0,1,0,0,1,No,SRSF6
1261,Q13045-2,1,0,0,0,0,0,1,No,FLII
1259,Q12965,1,0,0,0,0,0,1,No,MYO1E
1258,Q12962,0,1,0,0,0,0,1,No,TAF10
1257,Q12931-2,1,0,0,0,0,0,1,No,TRAP1
1250,Q12805-2,0,0,0,0,0,1,1,No,EFEMP1
1231,Q08380,0,0,0,0,0,1,1,No,LGALS3BP
1228,Q08211,1,0,0,0,0,0,1,No,DHX9
1189,Q02487,1,0,0,0,0,0,1,No,DSC2
1168,Q00537-2,0,0,0,0,0,1,1,No,CDK17
1167,Q00341-2,1,0,0,0,0,0,1,No,HDLBP
1162,P98160,0,0,0,0,0,1,1,No,HSPG2
1161,P98095,0,0,0,0,0,1,1,No,FBLN2
1158,P84098,0,1,0,0,0,0,1,No,RPL19
1154,P83731,0,1,0,0,0,0,1,No,RPL24
1149,P81605,0,1,0,0,0,0,1,No,DCD
1148,P80748,0,0,0,0,0,1,1,No,IGLV3-21
1121,P62937,1,0,0,0,0,0,1,No,PPIA
1112,P62854,0,1,0,0,0,0,1,No,RPS26
1110,P62829,0,0,0,0,0,1,1,No,RPL23
1106,P62753,0,1,0,0,0,0,1,No,RPS6
1104,P62736,1,0,0,0,0,0,1,No,ACTA2
1093,P62269,1,0,0,0,0,0,1,No,RPS18
1091,P62263,1,0,0,0,0,0,1,No,RPS14
1074,Q9UNX3,0,1,0,0,0,0,1,No,RPL26L1
1073,P61247,0,1,0,0,0,0,1,No,RPS3A
1054,P59666,0,0,0,1,0,0,1,No,DEFA3
1050,P57737-2,1,0,0,0,0,0,1,No,CORO7
1047,P56192,1,0,0,0,0,0,1,No,MARS
1043,P55786,1,0,0,0,0,0,1,No,NPEPPS
1039,P55268,0,0,0,0,0,1,1,No,LAMB2
1008,P52630-4,1,0,0,0,0,0,1,No,STAT2
1007,P52597,0,0,0,0,0,1,1,No,HNRNPF
994,P51532-5,0,1,0,0,0,0,1,No,SMARCA4
967,P49756,0,0,0,1,0,0,1,No,RBM25
961,P49588,1,0,0,0,0,0,1,No,AARS
933,P46781,0,1,0,0,0,0,1,No,RPS9
919,P43243,1,0,0,0,0,0,1,No,MATR3
913,P42677,0,1,0,0,0,0,1,No,RPS27
910,P42224,0,0,0,0,0,1,1,No,STAT1
908,P41252,1,0,0,0,0,0,1,No,IARS
901,P40926,1,0,0,0,0,0,1,No,MDH2
891,P39059,0,0,0,0,0,1,1,No,COL15A1
886,P38606-2,1,0,0,0,0,0,1,No,ATP6V1A
869,P35637-2,0,0,0,0,0,1,1,No,FUS
852,P34932,1,0,0,0,0,0,1,No,HSPA4
831,P31689-2,1,0,0,0,0,0,1,No,DNAJA1
787,P27708,0,0,0,0,0,1,1,No,CAD
786,P27635,0,1,0,0,0,0,1,No,RPL10
783,P27348,0,0,0,1,0,0,1,No,YWHAQ
748,P23396,0,0,0,1,0,0,1,No,RPS3
738,P22695,1,0,0,0,0,0,1,No,UQCRC2
737,P22626-2,0,0,0,0,0,1,1,No,HNRNPA2B1
727,P21980,0,0,0,0,0,1,1,No,TGM2
723,P21741,0,1,0,0,0,0,1,No,MDK
700,P19474,0,0,0,0,0,1,1,No,TRIM21
653,P15880,1,0,0,0,0,0,1,No,RPS2
644,P14780,0,0,0,0,0,1,1,No,MMP9
641,P14625,0,0,0,1,0,0,1,No,HSP90B1
638,P14543,0,0,0,0,0,1,1,No,NID1
630,P13671,0,0,0,0,0,1,1,No,C6
627,P13611-2,0,0,0,0,0,1,1,No,VCAN
614,P12268,0,0,0,0,0,1,1,No,IMPDH2
611,P12111,0,0,0,0,0,1,1,No,COL6A3
610,P12110,0,0,0,0,0,1,1,No,COL6A2
609,P12109,0,0,0,0,0,1,1,No,COL6A1
608,P12107-4,0,0,0,0,0,1,1,No,COL11A1
585,P11047,0,0,0,0,0,1,1,No,LAMC1
583,P10909-4,0,0,0,0,0,1,1,No,CLU
579,P10643,0,0,0,0,0,1,1,No,C7
575,P10599-2,0,1,0,0,0,0,1,No,TXN
570,P10155,0,1,0,0,0,0,1,Yes,RO60
560,P0C0L5,0,0,0,0,0,1,1,No,C4B
558,P09972,1,0,0,0,0,0,1,No,ALDOC
547,P09382,1,0,0,0,0,0,1,No,LGALS1
532,P08572,1,0,0,0,0,0,1,No,COL4A2
529,P08311,1,0,0,0,0,0,1,No,CTSG
526,P08238,0,0,0,1,0,0,1,Yes,HSP90AB1
520,P07942,0,0,0,0,0,1,1,No,LAMB1
519,P07910-2,0,1,0,0,0,0,1,No,HNRNPC
518,P07900,0,0,0,1,0,0,1,Yes,HSP90AA1
515,P07737,1,0,0,0,0,0,1,No,PFN1
512,P07437,1,0,0,0,0,0,1,Yes,TUBB
510,P07358,0,0,0,0,0,1,1,No,C8B
508,P07355,0,0,0,1,0,0,1,No,ANXA2
499,P07195,1,0,0,0,0,0,1,No,LDHB
497,P07099,1,0,0,0,0,0,1,No,EPHX1
491,P06737-2,0,0,0,0,0,1,1,No,PYGL
490,P06733,0,0,0,0,0,1,1,No,ENO1
489,P06731-2,0,0,0,0,0,1,1,No,CEACAM5
481,P05997,0,0,0,0,0,1,1,No,COL5A2
470,P05164-2,0,0,0,0,0,1,1,No,MPO
464,P05093,1,0,0,0,0,0,1,No,CYP17A1
463,P05091,1,0,0,0,0,0,1,No,ALDH2
453,P04632,1,0,0,0,0,0,1,No,CAPNS1
448,P04275,0,0,0,0,0,1,1,No,VWF
446,P04259,0,0,0,1,0,0,1,No,KRT6B
438,P04004,0,0,0,0,0,1,1,No,VTN
437,P04003,0,0,0,0,0,1,1,No,C4BPA
430,P02751,0,0,0,0,0,1,1,No,FN1
429,P02748,0,0,0,0,0,1,1,No,C9
427,P02746,0,0,0,0,0,1,1,No,C1QB
417,P02545-2,1,0,0,0,0,0,1,No,LMNA
415,P02511,1,0,0,0,0,0,1,No,CRYAB
414,P02462-2,0,0,0,0,0,1,1,No,COL4A1
410,P01892,0,0,0,0,0,1,1,No,HLA-A
408,P01876,0,0,0,1,0,0,1,No,IGHA1
405,P01860,0,0,0,0,0,1,1,No,IGHG3
398,P0DP03,0,0,0,0,0,1,1,No,IGHV3-30-5
395,P01742,0,0,0,0,0,1,1,No,IGHV1-69
393,P01714,0,0,0,0,0,1,1,No,IGLV3-19
380,P01031,0,0,0,0,0,1,1,No,C5
376,P01011,0,0,0,0,0,1,1,No,SERPINA3
374,P01008,0,0,0,0,0,1,1,No,SERPINC1
371,P00747,0,0,0,0,0,1,1,No,PLG
366,P00558,1,0,0,0,0,0,1,No,PGK1
354,P00338,0,0,0,1,0,0,1,No,LDHA
349,ORF1P.96,0,1,0,0,0,0,1,No,NA
344,ORF1P.79,0,1,0,0,0,0,1,No,NA
339,ORF1P.69,0,1,0,0,0,0,1,No,NA
330,ORF1P.46,0,1,0,0,0,0,1,No,NA
324,ORF1P.29,0,1,0,0,0,0,1,No,NA
319,ORF1P.18,0,1,0,0,0,0,1,No,NA
317,ORF1P.13,0,1,0,0,0,0,1,No,NA
307,O96019-2,0,1,0,0,0,0,1,No,ACTL6A
296,O95782-2,1,0,0,0,0,0,1,No,AP2A1
289,O95478,0,1,0,0,0,0,1,No,NSA2
256,O75636-2,0,0,0,0,0,1,1,No,FCN3
253,O75594,0,0,0,0,0,1,1,No,PGLYRP1
225,O75083,1,0,0,0,0,0,1,No,WDR1
202,O60504,1,0,0,0,0,0,1,No,SORBS3
195,O43866,0,0,0,0,0,1,1,No,CD5L
192,O43795-2,1,0,0,0,0,0,1,No,MYO1B
188,O43684-2,0,0,0,0,0,1,1,No,BUB3
186,O43491-2,1,0,0,0,0,0,1,No,EPB41L2
176,O15371-2,1,0,0,0,0,0,1,No,EIF3D
174,O15270,1,0,0,0,0,0,1,No,SPTLC2
171,O15230,0,0,0,0,0,1,1,No,LAMA5
165,O15143,1,0,0,0,0,0,1,No,ARPC1B
153,P19105,0,0,0,0,0,1,1,No,MYL12A
129,O00468-6,0,0,0,0,0,1,1,No,AGRN
15,A0A0C4DH72,0,0,0,0,0,1,1,No,IGKV1-6
12,P0DP08,0,0,0,0,0,1,1,No,IGHV4-38-2
11,A0A0C4DH38,0,0,0,0,0,1,1,No,IGHV5-51
9,A0A0B4J1Y9,0,0,0,0,0,1,1,No,IGHV3-72
8,A0A0B4J1X5,0,0,0,0,0,1,1,No,IGHV3-74
3,P04433,0,0,0,0,0,1,1,No,IGKV3-11
2138,REV__Q9Y4D7-2,0,0,0,0,0,0,0,No,NA
2137,REV__Q9UFH2-2,0,0,0,0,0,0,0,No,NA
2136,REV__Q9P246-3,0,0,0,0,0,0,0,No,NA
2135,REV__Q9H0M0-3,0,0,0,0,0,0,0,No,NA
2134,REV__Q9BXT8-4,0,0,0,0,0,0,0,No,NA
2133,REV__Q99551,0,0,0,0,0,0,0,No,NA
2132,REV__Q96KQ4,0,0,0,0,0,0,0,No,NA
2131,REV__Q8WZ42-3,0,0,0,0,0,0,0,No,NA
2130,REV__Q8TB03-2,0,0,0,0,0,0,0,No,NA
2129,REV__Q8NI35-4,0,0,0,0,0,0,0,No,NA
2128,REV__Q8NHQ8-2,0,0,0,0,0,0,0,No,NA
2127,REV__Q8NDH6-2,0,0,0,0,0,0,0,No,NA
2126,REV__Q8NC42,0,0,0,0,0,0,0,No,NA
2125,REV__Q8IZQ1-2,0,0,0,0,0,0,0,No,NA
2124,REV__Q8IY34,0,0,0,0,0,0,0,No,NA
2123,REV__Q7Z4V0-3,0,0,0,0,0,0,0,No,NA
2122,REV__Q6ZWJ8,0,0,0,0,0,0,0,No,NA
2121,REV__Q6NSI1,0,0,0,0,0,0,0,No,NA
2120,REV__Q4LDR2,0,0,0,0,0,0,0,No,NA
2119,REV__Q16739,0,0,0,0,0,0,0,No,NA
2118,REV__Q14185,0,0,0,0,0,0,0,No,NA
2117,REV__Q14161-11,0,0,0,0,0,0,0,No,NA
2116,REV__Q02556,0,0,0,0,0,0,0,No,NA
2115,REV__P53618,0,0,0,0,0,0,0,No,NA
2114,REV__P53355-4,0,0,0,0,0,0,0,No,NA
2113,REV__P51854-4,0,0,0,0,0,0,0,No,NA
2112,REV__P31152,0,0,0,0,0,0,0,No,NA
2111,REV__P15924,0,0,0,0,0,0,0,No,NA
2110,REV__P12111-5,0,0,0,0,0,0,0,No,NA
2109,REV__P07910-3,0,0,0,0,0,0,0,No,NA
2108,REV__O95785-2,0,0,0,0,0,0,0,No,NA
2107,REV__O94910-2,0,0,0,0,0,0,0,No,NA
2106,REV__O43505,0,0,0,0,0,0,0,No,NA
2105,REV__A6NC98-5,0,0,0,0,0,0,0,No,NA
2104,Q9Y6Y8-2,0,0,0,0,0,0,0,No,SEC23IP
2103,Q9Y6R7,0,0,0,0,0,0,0,No,FCGBP
2102,Q9Y6Q1,0,0,0,0,0,0,0,No,CAPN6
2100,Q9Y6N5,0,0,0,0,0,0,0,No,SQOR
2098,Q9Y6K5,0,0,0,0,0,0,0,No,OAS3
2097,Q9Y6D5,0,0,0,0,0,0,0,No,ARFGEF2
2093,Q9Y676,0,0,0,0,0,0,0,No,MRPS18B
2092,Q9Y614,0,0,0,0,0,0,0,No,ACTL7B
2091,Q9Y5X1,0,0,0,0,0,0,0,No,SNX9
2090,Q9Y5V3,0,0,0,0,0,0,0,No,MAGED1
2089,Q9Y5S9-2,0,0,0,0,0,0,0,No,RBM8A
2088,Q9Y5S2,0,0,0,0,0,0,0,No,CDC42BPB
2087,Q9Y5M8,0,0,0,0,0,0,0,No,SRPRB
2086,Q9Y5J1,0,0,0,0,0,0,0,No,UTP18
2085,Q9Y5B9,0,0,0,0,0,0,0,No,SUPT16H
2084,Q9Y5B6,0,0,0,0,0,0,0,No,PAXBP1
2083,Q9Y512,0,0,0,0,0,0,0,No,SAMM50
2082,Q9Y4W2-2,0,0,0,0,0,0,0,No,LAS1L
2081,Q9Y4L1,0,0,0,0,0,0,0,No,HYOU1
2080,Q9Y4K1,0,0,0,0,0,0,0,No,CRYBG1
2079,Q9Y4G6,0,0,0,0,0,0,0,No,TLN2
2078,Q9Y4F1,0,0,0,0,0,0,0,No,FARP1
2077,Q9Y490,0,0,0,0,0,0,0,No,TLN1
2076,Q9Y446,0,0,0,0,0,0,0,No,PKP3
2075,Q9Y3Z3,0,0,0,0,0,0,0,No,SAMHD1
2074,Q9Y3Y2-4,0,0,0,0,0,0,0,No,CHTOP
2073,Q9Y3U8,0,0,0,0,0,0,0,No,RPL36
2072,Q9Y3I0,0,0,0,0,0,0,0,No,RTCB
2071,Q9Y3F4,0,0,0,0,0,0,0,No,STRAP
2070,Q9Y3B4,0,0,0,0,0,0,0,No,SF3B6
2069,Q9Y388,0,0,0,0,0,0,0,No,RBMX2
2067,Q9Y2Y8,0,0,0,0,0,0,0,No,PRG3
2066,Q9Y2X3,0,0,0,0,0,0,0,No,NOP58
2064,Q9Y2T3-3,0,0,0,0,0,0,0,No,GDA
2063,Q9Y2T2,0,0,0,0,0,0,0,No,AP3M1
2062,Q9Y2P8,0,0,0,0,0,0,0,No,RCL1
2061,Q9Y2P5,0,0,0,0,0,0,0,No,SLC27A5
2060,Q9Y2L6-2,0,0,0,0,0,0,0,No,FRMD4B
2059,Q9Y2J8,0,0,0,0,0,0,0,No,PADI2
2058,Q9Y2H5,0,0,0,0,0,0,0,No,PLEKHA6
2057,Q9Y2G7,0,0,0,0,0,0,0,No,ZFP30
2056,Q9Y2A7,0,0,0,0,0,0,0,No,NCKAP1
2055,Q9Y2A4,0,0,0,0,0,0,0,No,ZNF443
2054,Q9Y297-2,0,0,0,0,0,0,0,No,BTRC
2053,Q9Y285-2,0,0,0,0,0,0,0,No,FARSA
2052,Q9Y277,0,0,0,0,0,0,0,No,VDAC3
2050,Q9Y263,0,0,0,0,0,0,0,No,PLAA
2049,Q9Y262,0,0,0,0,0,0,0,No,EIF3L
2048,Q9Y241,0,0,0,0,0,0,0,No,HIGD1A
2047,Q9Y230-2,0,0,0,0,0,0,0,No,RUVBL2
2046,Q9UQE7,0,0,0,0,0,0,0,No,SMC3
2045,Q9UQ80-2,0,0,0,0,0,0,0,No,PA2G4
2044,Q9UQ35,0,0,0,0,0,0,0,No,SRRM2
2043,Q9UPX8,0,0,0,0,0,0,0,No,SHANK2
2042,Q9UPU7,0,0,0,0,0,0,0,No,TBC1D2B
2041,Q9UPT8,0,0,0,0,0,0,0,No,ZC3H4
2040,Q9UPN3-3,0,0,0,0,0,0,0,No,MACF1
2038,Q9UNZ2-6,0,0,0,0,0,0,0,No,NSFL1C
2037,Q9UNX4,0,0,0,0,0,0,0,No,WDR3
2036,Q9UNU6,0,0,0,0,0,0,0,No,CYP8B1
2034,Q9UMS6-4,0,0,0,0,0,0,0,No,SYNPO2
2033,Q9UMS4,0,0,0,0,0,0,0,No,PRPF19
2032,Q9UM54-6,0,0,0,0,0,0,0,No,MYO6
2031,Q9ULZ3-3,0,0,0,0,0,0,0,No,PYCARD
2030,Q9ULX6,0,0,0,0,0,0,0,No,AKAP8L
2029,Q9ULV4,0,0,0,0,0,0,0,No,CORO1C
2027,Q9ULV0,0,0,0,0,0,0,0,No,MYO5B
2026,Q9ULT8,0,0,0,0,0,0,0,No,HECTD1
2025,Q9ULS5,0,0,0,0,0,0,0,No,TMCC3
2024,Q9ULI0-2,0,0,0,0,0,0,0,No,ATAD2B
2023,Q9ULD2-5,0,0,0,0,0,0,0,No,MTUS1
2022,Q9ULC5-3,0,0,0,0,0,0,0,No,ACSL5
2021,Q9ULA0,0,0,0,0,0,0,0,No,DNPEP
2020,Q9UL49-1,0,0,0,0,0,0,0,No,TCFL5
2019,Q9UL25,0,0,0,0,0,0,0,No,RAB21
2018,Q9UL12-2,0,0,0,0,0,0,0,No,SARDH
2017,Q9UKV3-5,0,0,0,0,0,0,0,No,ACIN1
2016,Q9UKM9-2,0,0,0,0,0,0,0,No,RALY
2015,Q9UKK3,0,0,0,0,0,0,0,No,PARP4
2014,Q9UKJ3-2,0,0,0,0,0,0,0,No,GPATCH8
2013,Q9UKF6,0,0,0,0,0,0,0,No,CPSF3
2012,Q9UK58-4,0,0,0,0,0,0,0,No,CCNL1
2011,Q9UJZ1-2,0,0,0,0,0,0,0,No,STOML2
2009,Q9UJU6-5,0,0,0,0,0,0,0,No,DBNL
2007,Q9UJC3-2,0,0,0,0,0,0,0,No,HOOK1
2006,Q9UIG0-2,0,0,0,0,0,0,0,No,BAZ1B
2005,Q9UI42-2,0,0,0,0,0,0,0,No,CPA4
2004,Q9UI17,0,0,0,0,0,0,0,No,DMGDH
2003,Q9UHX1-6,0,0,0,0,0,0,0,No,PUF60
2002,Q9UHX1-2,0,0,0,0,0,0,0,No,PUF60
2001,Q9UHR5-2,0,0,0,0,0,0,0,No,SAP30BP
2000,Q9UHD8-4,0,0,0,0,0,0,0,No,9-Sep
1999,Q9UHD2,0,0,0,0,0,0,0,No,TBK1
1998,Q9UHC7-4,0,0,0,0,0,0,0,No,MKRN1
1997,Q9UHB6,0,0,0,0,0,0,0,No,LIMA1
1996,Q9UHA7,0,0,0,0,0,0,0,No,IL36A
1994,Q9UGP4,0,0,0,0,0,0,0,No,LIMD1
1993,Q9UGM3-9,0,0,0,0,0,0,0,No,DMBT1
1992,Q9UGL9,0,0,0,0,0,0,0,No,CRCT1
1991,Q9UG63,0,0,0,0,0,0,0,No,ABCF2
1989,Q9UDY2-5,0,0,0,0,0,0,0,No,TJP2
1987,Q9UBS4,0,0,0,0,0,0,0,No,DNAJB11
1986,Q9UBQ7,0,0,0,0,0,0,0,No,GRHPR
1985,Q9UBH0,0,0,0,0,0,0,0,No,IL36RN
1984,Q9UBC5,0,0,0,0,0,0,0,No,MYO1A
1983,Q9UBB9,0,0,0,0,0,0,0,No,TFIP11
1982,Q9P2Y4,0,0,0,0,0,0,0,No,ZNF219
1981,Q9P2X7,0,0,0,0,0,0,0,No,1-Dec
1980,Q9P2M7,0,0,0,0,0,0,0,No,CGN
1979,Q9P2K3-2,0,0,0,0,0,0,0,No,RCOR3
1978,Q9P2J5,0,0,0,0,0,0,0,No,LARS
1977,Q9P2I0,0,0,0,0,0,0,0,No,CPSF2
1976,Q9P2G3,0,0,0,0,0,0,0,No,KLHL14
1975,Q9P2E9-3,0,0,0,0,0,0,0,No,RRBP1
1974,Q9P258,0,0,0,0,0,0,0,No,RCC2
1973,Q9P253,0,0,0,0,0,0,0,No,VPS18
1972,Q9P0M6,0,0,0,0,0,0,0,No,H2AFY2
1971,Q9P0L1,0,0,0,0,0,0,0,No,ZKSCAN7
1970,Q9P035,0,0,0,0,0,0,0,No,HACD3
1969,Q9P015,0,0,0,0,0,0,0,No,MRPL15
1968,Q9NZT1,0,0,0,0,0,0,0,No,CALML5
1967,Q9NZN5-2,0,0,0,0,0,0,0,No,ARHGEF12
1966,Q9NZN4-2,0,0,0,0,0,0,0,No,EHD2
1965,Q9NZM5,0,0,0,0,0,0,0,No,NOP53
1964,Q9NZM4-2,0,0,0,0,0,0,0,No,BICRA
1963,Q9NZM1-2,0,0,0,0,0,0,0,No,MYOF
1962,Q9NZL3,0,0,0,0,0,0,0,No,ZNF224
1961,Q9NZI8,0,0,0,0,0,0,0,No,IGF2BP1
1960,Q9NZH8,0,0,0,0,0,0,0,No,IL36G
1957,Q9NZ08,0,0,0,0,0,0,0,No,ERAP1
1956,Q9NZ01,0,0,0,0,0,0,0,No,TECR
1955,Q9NYU2-2,0,0,0,0,0,0,0,No,UGGT1
1954,Q9NYQ7,0,0,0,0,0,0,0,No,CELSR3
1953,Q9NYL9,0,0,0,0,0,0,0,No,TMOD3
1952,Q9NYH9,0,0,0,0,0,0,0,No,UTP6
1951,Q9NYF8-3,0,0,0,0,0,0,0,No,BCLAF1
1950,Q9NY93-2,0,0,0,0,0,0,0,No,DDX56
1949,Q9NY28,0,0,0,0,0,0,0,No,GALNT8
1948,Q9NY12-2,0,0,0,0,0,0,0,No,GAR1
1947,Q9NXF1-2,0,0,0,0,0,0,0,No,TEX10
1946,Q9NXE8,0,0,0,0,0,0,0,No,CWC25
1945,Q9NXE4-2,0,0,0,0,0,0,0,No,SMPD4
1944,Q9NX63,0,0,0,0,0,0,0,No,CHCHD3
1943,Q9NX62,0,0,0,0,0,0,0,No,IMPAD1
1942,Q9NWU5-2,0,0,0,0,0,0,0,No,MRPL22
1940,Q9NWB7,0,0,0,0,0,0,0,No,IFT57
1938,Q9NW64,0,0,0,0,0,0,0,No,RBM22
1937,Q9NVQ4-2,0,0,0,0,0,0,0,No,FAIM
1936,Q9NVP1,0,0,0,0,0,0,0,No,DDX18
1935,Q9NVI7-2,0,0,0,0,0,0,0,No,ATAD3A
1934,Q9NVE7,0,0,0,0,0,0,0,No,PANK4
1933,Q9NVD7-2,0,0,0,0,0,0,0,No,PARVA
1932,Q9NVA2,0,0,0,0,0,0,0,No,11-Sep
1931,Q9NUQ8-2,0,0,0,0,0,0,0,No,ABCF3
1929,Q9NUD5,0,0,0,0,0,0,0,Yes,ZCCHC3
1928,Q9NTX9,0,0,0,0,0,0,0,No,FAM217B
1927,Q9NSK0-3,0,0,0,0,0,0,0,No,KLC4
1926,Q9NSE4,0,0,0,0,0,0,0,No,IARS2
1925,Q9NSD9-2,0,0,0,0,0,0,0,No,FARSB
1924,Q9NSC7,0,0,0,0,0,0,0,No,ST6GALNAC1
1923,Q9NRP0,0,0,0,0,0,0,0,No,OSTC
1921,Q9NR45,0,0,0,0,0,0,0,No,NANS
1920,Q9NR19,0,0,0,0,0,0,0,No,ACSS2
1919,Q9NR12,0,0,0,0,0,0,0,No,PDLIM7
1917,Q9NQX4-2,0,0,0,0,0,0,0,No,MYO5C
1916,Q9NQX3,0,0,0,0,0,0,0,No,GPHN
1915,Q9NQW7-2,0,0,0,0,0,0,0,No,XPNPEP1
1914,Q9NQT8,0,0,0,0,0,0,0,No,KIF13B
1913,Q9NQR4,0,0,0,0,0,0,0,No,NIT2
1912,Q9NQH7-2,0,0,0,0,0,0,0,No,XPNPEP3
1911,Q9NQC3,0,0,0,0,0,0,0,No,RTN4
1910,Q9NQ94-6,0,0,0,0,0,0,0,No,A1CF
1909,Q9NQ55-2,0,0,0,0,0,0,0,No,PPAN
1908,Q9NQ29-2,0,0,0,0,0,0,0,No,LUC7L
1906,Q9NPA8-2,0,0,0,0,0,0,0,No,ENY2
1905,Q9NP78-3,0,0,0,0,0,0,0,No,ABCB9
1904,Q9NP71-5,0,0,0,0,0,0,0,No,MLXIPL
1903,Q9NP64-2,0,0,0,0,0,0,0,No,ZCCHC17
1902,Q9NP61-2,0,0,0,0,0,0,0,No,ARFGAP3
1900,Q9HD45,0,0,0,0,0,0,0,No,TM9SF3
1899,Q9HD26,0,0,0,0,0,0,0,No,GOPC
1898,Q9HD20-2,0,0,0,0,0,0,0,No,ATP13A1
1897,Q9HCY8,0,0,0,0,0,0,0,No,S100A14
1896,Q9HCS7,0,0,0,0,0,0,0,No,XAB2
1895,Q9HCM4-2,0,0,0,0,0,0,0,No,EPB41L5
1894,Q9HCG8,0,0,0,0,0,0,0,No,CWC22
1893,Q9HCG1,0,0,0,0,0,0,0,No,ZNF160
1892,Q9HCE6-4,0,0,0,0,0,0,0,No,ARHGEF10L
1890,Q9HCC0-2,0,0,0,0,0,0,0,No,MCCC2
1889,Q9HC84,0,0,0,0,0,0,0,No,MUC5B
1888,Q9HC38-2,0,0,0,0,0,0,0,No,GLOD4
1887,Q9HC35-2,0,0,0,0,0,0,0,No,EML4
1886,Q9HBL0-2,0,0,0,0,0,0,0,No,TNS1
1885,Q9HBL0,0,0,0,0,0,0,0,No,TNS1
1884,Q9HB58-2,0,0,0,0,0,0,0,No,SP110
1883,Q9HA65-3,0,0,0,0,0,0,0,No,TBC1D17
1882,Q9H9J4-2,0,0,0,0,0,0,0,No,USP42
1881,Q9H8M2,0,0,0,0,0,0,0,No,BRD9
1880,Q9H8L6,0,0,0,0,0,0,0,No,MMRN2
1879,Q9H8H3,0,0,0,0,0,0,0,No,METTL7A
1878,Q9H8H0,0,0,0,0,0,0,0,No,NOL11
1877,Q9H8G2,0,0,0,0,0,0,0,No,CAAP1
1876,Q9H7Z3,0,0,0,0,0,0,0,No,NRDE2
1875,Q9H7R5-2,0,0,0,0,0,0,0,No,ZNF665
1873,Q9H5Z1,0,0,0,0,0,0,0,No,DHX35
1872,Q9H583,0,0,0,0,0,0,0,No,HEATR1
1871,Q9H4A4,0,0,0,0,0,0,0,No,RNPEP
1870,Q9H3Q3,0,0,0,0,0,0,0,No,GAL3ST2
1869,Q9H329-2,0,0,0,0,0,0,0,No,EPB41L4B
1868,Q9H307,0,0,0,0,0,0,0,No,PNN
1867,Q9H2P0,0,0,0,0,0,0,0,No,ADNP
1866,Q9H2M3,0,0,0,0,0,0,0,No,BHMT2
1865,Q9H2C0,0,0,0,0,0,0,0,No,GAN
1864,Q9H2A2-2,0,0,0,0,0,0,0,No,ALDH8A1
1863,Q9H269-2,0,0,0,0,0,0,0,No,VPS16
1862,Q9H254-2,0,0,0,0,0,0,0,No,SPTBN4
1861,Q9H0U4,0,0,0,0,0,0,0,No,RAB1B
1860,Q9H0P0-1,0,0,0,0,0,0,0,No,NT5C3A
1858,Q9H0E7,0,0,0,0,0,0,0,No,USP44
1857,Q9H0A0-2,0,0,0,0,0,0,0,No,NAT10
1854,Q9H000-2,0,0,0,0,0,0,0,No,MKRN2
1853,Q9GZM7,0,0,0,0,0,0,0,No,TINAGL1
1852,Q9GZL7,0,0,0,0,0,0,0,No,WDR12
1851,Q9C0J8-3,0,0,0,0,0,0,0,No,WDR33
1850,Q9C0H9-2,0,0,0,0,0,0,0,No,SRCIN1
1849,Q9C0C2,0,0,0,0,0,0,0,No,TNKS1BP1
1848,Q9C0A1-2,0,0,0,0,0,0,0,No,ZFHX2
1847,Q9BZK7,0,0,0,0,0,0,0,No,TBL1XR1
1846,Q9BZJ0-2,0,0,0,0,0,0,0,No,CRNKL1
1845,Q9BZF9-2,0,0,0,0,0,0,0,No,UACA
1844,Q9BZF1-3,0,0,0,0,0,0,0,No,OSBPL8
1843,Q9BZE4,0,0,0,0,0,0,0,No,GTPBP4
1842,Q9BYG3,0,0,0,0,0,0,0,No,NIFK
1841,Q9BYE4,0,0,0,0,0,0,0,No,SPRR2G
1840,Q9BYD3-2,0,0,0,0,0,0,0,No,MRPL4
1839,Q9BYD1,0,0,0,0,0,0,0,No,MRPL13
1838,Q9BYC9,0,0,0,0,0,0,0,No,MRPL20
1837,Q9BXY0,0,0,0,0,0,0,0,No,MAK16
1834,Q9BXN1,0,0,0,0,0,0,0,No,ASPN
1833,Q9BX84-4,0,0,0,0,0,0,0,No,TRPM6
1832,Q9BX66-9,0,0,0,0,0,0,0,No,SORBS1
1831,Q9BX66-3,0,0,0,0,0,0,0,No,SORBS1
1830,Q9BX66-12,0,0,0,0,0,0,0,No,SORBS1
1828,Q9BW27-2,0,0,0,0,0,0,0,No,NUP85
1827,Q9BVP2-2,0,0,0,0,0,0,0,No,GNL3
1826,Q9BVJ6-2,0,0,0,0,0,0,0,No,UTP14A
1825,Q9BVG8-4,0,0,0,0,0,0,0,No,KIFC3
1824,Q9BV73-2,0,0,0,0,0,0,0,No,CEP250
1823,Q9BV38,0,0,0,0,0,0,0,No,WDR18
1822,Q9BUQ8,0,0,0,0,0,0,0,No,DDX23
1821,Q9BUJ2-4,0,0,0,0,0,0,0,No,HNRNPUL1
1820,Q9BUF5,0,0,0,0,0,0,0,No,TUBB6
1818,Q9BTV4,0,0,0,0,0,0,0,No,TMEM43
1817,Q9BT40-2,0,0,0,0,0,0,0,No,INPP5K
1815,Q9BSE5,0,0,0,0,0,0,0,No,AGMAT
1814,Q9BSC4-2,0,0,0,0,0,0,0,No,NOL10
1813,Q9BS26,0,0,0,0,0,0,0,No,ERP44
1812,Q9BS16,0,0,0,0,0,0,0,No,CENPK
1811,Q9BRX9,0,0,0,0,0,0,0,No,WDR83
1810,Q9BRR8,0,0,0,0,0,0,0,No,GPATCH1
1809,Q9BRL6-2,0,0,0,0,0,0,0,No,SRSF8
1808,Q9BRD0,0,0,0,0,0,0,0,No,BUD13
1807,Q9BR76,0,0,0,0,0,0,0,Yes,CORO1B
1806,Q9BQS8,0,0,0,0,0,0,0,No,FYCO1
1805,Q9BQL6-4,0,0,0,0,0,0,0,No,FERMT1
1804,Q9BQI6,0,0,0,0,0,0,0,No,SLF1
1803,Q9BQE3,0,0,0,0,0,0,0,No,TUBA1C
1802,Q9BQ67,0,0,0,0,0,0,0,No,GRWD1
1801,Q9BQ50-2,0,0,0,0,0,0,0,No,TREX2
1799,Q99959-2,0,0,0,0,0,0,0,No,PKP2
1798,Q99873-3,0,0,0,0,0,0,0,No,PRMT1
1796,Q99832-3,0,0,0,0,0,0,0,No,CCT7
1795,Q99829,0,0,0,0,0,0,0,No,CPNE1
1794,Q99816,0,0,0,0,0,0,0,No,TSG101
1792,Q99729-3,0,0,0,0,0,0,0,No,HNRNPAB
1790,Q99623,0,0,0,0,0,0,0,No,PHB2
1789,Q99569-2,0,0,0,0,0,0,0,No,PKP4
1788,Q99567,0,0,0,0,0,0,0,No,NUP88
1787,Q99519,0,0,0,0,0,0,0,No,NEU1
1786,Q99459,0,0,0,0,0,0,0,No,CDC5L
1785,Q99439,0,0,0,0,0,0,0,No,CNN2
1784,Q99424,0,0,0,0,0,0,0,No,ACOX2
1783,Q96TA1-2,0,0,0,0,0,0,0,No,FAM129B
1782,Q96T68-2,0,0,0,0,0,0,0,No,SETDB2
1781,Q96T23,0,0,0,0,0,0,0,No,RSF1
1779,Q96SN8-3,0,0,0,0,0,0,0,No,CDK5RAP2
1778,Q96SB3,0,0,0,0,0,0,0,No,PPP1R9B
1777,Q96S97,0,0,0,0,0,0,0,No,MYADM
1776,Q96S94-5,0,0,0,0,0,0,0,No,CCNL2
1775,Q96RQ3,0,0,0,0,0,0,0,No,MCCC1
1774,Q96RM1,0,0,0,0,0,0,0,No,SPRR2F
1773,Q96RK0,0,0,0,0,0,0,0,No,CIC
1772,Q96RF0-3,0,0,0,0,0,0,0,No,SNX18
1771,Q96QT4,0,0,0,0,0,0,0,No,TRPM7
1770,Q96QK1,0,0,0,0,0,0,0,No,VPS35
1769,Q96QD9,0,0,0,0,0,0,0,No,FYTTD1
1768,Q96QA5,0,0,0,0,0,0,0,No,GSDMA
1767,Q96Q89-4,0,0,0,0,0,0,0,No,KIF20B
1766,Q96PQ6-4,0,0,0,0,0,0,0,No,ZNF317
1765,Q96PK6,0,0,0,0,0,0,0,No,RBM14
1764,Q96P70,0,0,0,0,0,0,0,No,IPO9
1763,Q96P63,0,0,0,0,0,0,0,No,SERPINB12
1762,Q96N76,0,0,0,0,0,0,0,No,UROC1
1761,Q96N67-4,0,0,0,0,0,0,0,No,DOCK7
1760,Q96N66-3,0,0,0,0,0,0,0,No,MBOAT7
1759,Q96N46-3,0,0,0,0,0,0,0,No,TTC14
1758,Q96MF6-3,0,0,0,0,0,0,0,No,COQ10A
1757,Q96ME7-2,0,0,0,0,0,0,0,No,ZNF512
1756,Q96LU7,0,0,0,0,0,0,0,No,MYRFL
1755,Q96LR2,0,0,0,0,0,0,0,No,LURAP1
1754,Q96KP6,0,0,0,0,0,0,0,No,TNIP3
1753,Q96KP4,0,0,0,0,0,0,0,No,CNDP2
1752,Q96JQ2,0,0,0,0,0,0,0,No,CLMN
1751,Q96JE7,0,0,0,0,0,0,0,No,SEC16B
1750,Q96JB2-2,0,0,0,0,0,0,0,No,COG3
1749,Q96J88-2,0,0,0,0,0,0,0,No,EPSTI1
1748,Q96IZ7-2,0,0,0,0,0,0,0,No,RSRC1
1746,Q96IU4,0,0,0,0,0,0,0,No,ABHD14B
1745,Q96IR2,0,0,0,0,0,0,0,No,ZNF845
1744,Q96I99,0,0,0,0,0,0,0,No,SUCLG2
1743,Q96I25,0,0,0,0,0,0,0,No,RBM17
1742,Q96HU1,0,0,0,0,0,0,0,No,SGSM3
1741,Q96HE7,0,0,0,0,0,0,0,No,ERO1A
1740,Q96HC4-7,0,0,0,0,0,0,0,No,PDLIM5
1739,Q96GQ7,0,0,0,0,0,0,0,No,DDX27
1738,Q96GM5-2,0,0,0,0,0,0,0,No,SMARCD1
1737,Q96G03,0,0,0,0,0,0,0,No,PGM2
1736,Q96FX8,0,0,0,0,0,0,0,No,PERP
1735,Q96FW1,0,0,0,0,0,0,0,No,OTUB1
1734,Q96FQ6,0,0,0,0,0,0,0,No,S100A16
1733,Q96FN5,0,0,0,0,0,0,0,No,KIF12
1731,Q96EY7,0,0,0,0,0,0,0,No,PTCD3
1730,Q96EY1,0,0,0,0,0,0,0,No,DNAJA3
1729,Q96EP0-2,0,0,0,0,0,0,0,No,RNF31
1728,Q96ED9-2,0,0,0,0,0,0,0,No,HOOK2
1727,Q96DU7,0,0,0,0,0,0,0,No,ITPKC
1726,Q96DI7,0,0,0,0,0,0,0,No,SNRNP40
1725,Q96DG6,0,0,0,0,0,0,0,No,CMBL
1724,Q96DB2,0,0,0,0,0,0,0,No,HDAC11
1723,Q96CX2,0,0,0,0,0,0,0,No,KCTD12
1722,Q96CW5-2,0,0,0,0,0,0,0,No,TUBGCP3
1721,Q96CW1-2,0,0,0,0,0,0,0,No,AP2M1
1720,Q96BV0,0,0,0,0,0,0,0,No,ZNF775
1719,Q96BQ1,0,0,0,0,0,0,0,No,FAM3D
1718,Q96AC1-2,0,0,0,0,0,0,0,No,FERMT2
1717,Q96A72,0,0,0,0,0,0,0,No,MAGOHB
1716,Q96A65-2,0,0,0,0,0,0,0,No,EXOC4
1715,Q969X6,0,0,0,0,0,0,0,No,UTP4
1714,Q969X5-2,0,0,0,0,0,0,0,No,ERGIC1
1713,Q969Q0,0,0,0,0,0,0,0,No,RPL36AL
1712,Q93100-4,0,0,0,0,0,0,0,No,PHKB
1711,Q93099,0,0,0,0,0,0,0,No,HGD
1710,Q93088,0,0,0,0,0,0,0,No,BHMT
1709,Q93052,0,0,0,0,0,0,0,No,LPP
1708,Q93050-1,0,0,0,0,0,0,0,No,ATP6V0A1
1706,Q93008-1,0,0,0,0,0,0,0,No,USP9X
1705,Q92974-3,0,0,0,0,0,0,0,No,ARHGEF2
1704,Q92973-3,0,0,0,0,0,0,0,No,TNPO1
1703,Q92945,0,0,0,0,0,0,0,No,KHSRP
1701,Q92888,0,0,0,0,0,0,0,No,ARHGEF1
1700,Q92878-3,0,0,0,0,0,0,0,No,RAD50
1699,Q92876,0,0,0,0,0,0,0,No,KLK6
1698,Q92841-1,0,0,0,0,0,0,0,No,DDX17
1697,Q92817,0,0,0,0,0,0,0,No,EVPL
1696,Q92769-3,0,0,0,0,0,0,0,No,HDAC2
1695,Q92747-2,0,0,0,0,0,0,0,No,ARPC1A
1694,Q92736,0,0,0,0,0,0,0,No,RYR2
1693,Q92734-4,0,0,0,0,0,0,0,No,TFG
1692,Q92626,0,0,0,0,0,0,0,No,PXDN
1690,Q92616,0,0,0,0,0,0,0,No,GCN1
1689,Q92614-3,0,0,0,0,0,0,0,No,MYO18A
1688,Q92598-2,0,0,0,0,0,0,0,No,HSPH1
1687,Q92597,0,0,0,0,0,0,0,No,NDRG1
1686,Q92572,0,0,0,0,0,0,0,No,AP3S1
1685,Q92552,0,0,0,0,0,0,0,No,MRPS27
1684,Q92526-2,0,0,0,0,0,0,0,No,CCT6B
1683,Q92499-3,0,0,0,0,0,0,0,No,DDX1
1682,Q8WZ42-3,0,0,0,0,0,0,0,No,TTN
1681,Q8WXH5,0,0,0,0,0,0,0,No,SOCS4
1680,Q8WXH0,0,0,0,0,0,0,0,No,SYNE2
1679,Q8WXF7-2,0,0,0,0,0,0,0,No,ATL1
1678,Q8WXA9-2,0,0,0,0,0,0,0,No,SREK1
1677,Q8WX93-4,0,0,0,0,0,0,0,No,PALLD
1676,Q8WWZ8,0,0,0,0,0,0,0,No,OIT3
1674,Q8WWQ0,0,0,0,0,0,0,0,No,PHIP
1673,Q8WWK9-4,0,0,0,0,0,0,0,No,CKAP2
1672,Q8WWI1-3,0,0,0,0,0,0,0,No,LMO7
1671,Q8WWA0,0,0,0,0,0,0,0,No,ITLN1
1670,Q8WVV4,0,0,0,0,0,0,0,No,POF1B
1669,Q8WVM8,0,0,0,0,0,0,0,No,SCFD1
1668,Q8WV37,0,0,0,0,0,0,0,No,ZNF480
1667,Q8WUQ7,0,0,0,0,0,0,0,No,CACTIN
1666,Q8WUM4-2,0,0,0,0,0,0,0,No,PDCD6IP
1665,Q8WUM0,0,0,0,0,0,0,0,No,NUP133
1664,Q8TF76,0,0,0,0,0,0,0,No,HASPIN
1663,Q8TF72,0,0,0,0,0,0,0,No,SHROOM3
1662,Q8TF66,0,0,0,0,0,0,0,No,LRRC15
1661,Q8TF01,0,0,0,0,0,0,0,No,PNISR
1660,Q8TEX9,0,0,0,0,0,0,0,No,IPO4
1659,Q8TER5-2,0,0,0,0,0,0,0,No,ARHGEF40
1658,Q8TEM1,0,0,0,0,0,0,0,No,NUP210
1657,Q8TED0,0,0,0,0,0,0,0,No,UTP15
1656,Q8TDN6,0,0,0,0,0,0,0,No,BRIX1
1655,Q8TDB6,0,0,0,0,0,0,0,No,DTX3L
1654,Q8TD06,0,0,0,0,0,0,0,No,AGR3
1653,Q8TCJ2,0,0,0,0,0,0,0,No,STT3B
1652,Q8TC07-2,0,0,0,0,0,0,0,No,TBC1D15
1650,Q8TBY0-2,0,0,0,0,0,0,0,No,RBM46
1649,Q8TAQ5,0,0,0,0,0,0,0,No,ZNF420
1648,Q8TA86,0,0,0,0,0,0,0,No,RP9
1647,Q8NI99,0,0,0,0,0,0,0,No,ANGPTL6
1646,Q8NI36,0,0,0,0,0,0,0,No,WDR36
1645,Q8NGU2,0,0,0,0,0,0,0,No,OR9A4
1644,Q8NFW9-5,0,0,0,0,0,0,0,No,MYRIP
1643,Q8NFL0,0,0,0,0,0,0,0,No,B3GNT7
1642,Q8NFJ5,0,0,0,0,0,0,0,No,GPRC5A
1640,Q8NF50-4,0,0,0,0,0,0,0,No,DOCK8
1639,Q8NEV8-2,0,0,0,0,0,0,0,No,EXPH5
1638,Q8NEJ9-2,0,0,0,0,0,0,0,No,NGDN
1637,Q8NE01,0,0,0,0,0,0,0,No,CNNM3
1636,Q8NCX0,0,0,0,0,0,0,0,No,CCDC150
1635,Q8NCR9,0,0,0,0,0,0,0,No,CLRN3
1634,Q8NCQ7-3,0,0,0,0,0,0,0,No,PROCA1
1633,Q8NC56,0,0,0,0,0,0,0,No,LEMD2
1632,Q8NC51-4,0,0,0,0,0,0,0,No,SERBP1
1631,Q8NBS9-2,0,0,0,0,0,0,0,No,TXNDC5
1630,Q8NBJ5,0,0,0,0,0,0,0,No,COLGALT1
1629,Q8NB50-3,0,0,0,0,0,0,0,No,ZFP62
1628,Q8NAV1,0,0,0,0,0,0,0,No,PRPF38A
1627,Q8N9Q2,0,0,0,0,0,0,0,No,SREK1IP1
1626,Q8N983-4,0,0,0,0,0,0,0,No,MRPL43
1625,Q8N972,0,0,0,0,0,0,0,No,ZNF709
1623,Q8N6H7,0,0,0,0,0,0,0,No,ARFGAP2
1622,Q8N5F7,0,0,0,0,0,0,0,No,NKAP
1620,Q8N4A0,0,0,0,0,0,0,0,No,GALNT4
1619,Q8N474,0,0,0,0,0,0,0,No,SFRP1
1618,Q8N3V7-2,0,0,0,0,0,0,0,No,SYNPO
1617,Q8N3U4,0,0,0,0,0,0,0,No,STAG2
1615,Q8N2S1-2,0,0,0,0,0,0,0,No,LTBP4
1614,Q8N2M8-3,0,0,0,0,0,0,0,No,CLASRP
1613,Q8N1F7,0,0,0,0,0,0,0,No,NUP93
1612,Q8N163-2,0,0,0,0,0,0,0,No,CCAR2
1611,Q8N0X7,0,0,0,0,0,0,0,No,SPART
1609,Q8IZ83-3,0,0,0,0,0,0,0,No,ALDH16A1
1608,Q8IYS0-2,0,0,0,0,0,0,0,No,GRAMD1C
1607,Q8IYQ7,0,0,0,0,0,0,0,No,THNSL1
1606,Q8IYB7-5,0,0,0,0,0,0,0,No,DIS3L2
1605,Q8IYB3,0,0,0,0,0,0,0,No,SRRM1
1604,Q8IY81,0,0,0,0,0,0,0,No,FTSJ3
1603,Q8IXW0,0,0,0,0,0,0,0,No,LMNTD2
1602,Q8IXQ6-3,0,0,0,0,0,0,0,No,PARP9
1601,Q8IXM6-2,0,0,0,0,0,0,0,No,NRM
1600,Q8IXI1,0,0,0,0,0,0,0,No,RHOT2
1599,Q8IXB1,0,0,0,0,0,0,0,No,DNAJC10
1598,Q8IX29-2,0,0,0,0,0,0,0,No,FBXO16
1597,Q8IWX8,0,0,0,0,0,0,0,No,CHERP
1596,Q9P2H3-3,0,0,0,0,0,0,0,No,IFT80
1595,Q8IWI9-3,0,0,0,0,0,0,0,No,MGA
1594,Q8IWA0,0,0,0,0,0,0,0,No,WDR75
1593,Q8IVU3-2,0,0,0,0,0,0,0,No,HERC6
1592,Q8IVS8-7,0,0,0,0,0,0,0,No,GLYCTK
1591,Q8IVN8,0,0,0,0,0,0,0,No,SBSPON
1590,Q8IVM7,0,0,0,0,0,0,0,No,LINC00346
1589,Q8IVF2-3,0,0,0,0,0,0,0,No,AHNAK2
1588,Q8IUX7-2,0,0,0,0,0,0,0,No,AEBP1
1586,Q86YT6,0,0,0,0,0,0,0,No,MIB1
1585,Q86Y37-4,0,0,0,0,0,0,0,No,CACUL1
1584,Q86XP0-2,0,0,0,0,0,0,0,No,PLA2G4D
1583,Q86XN6-2,0,0,0,0,0,0,0,No,ZNF761
1582,Q86X95,0,0,0,0,0,0,0,No,CIR1
1581,Q86X29-6,0,0,0,0,0,0,0,No,LSR
1580,Q86WN1-3,0,0,0,0,0,0,0,No,FCHSD1
1579,Q86W92-3,0,0,0,0,0,0,0,No,PPFIBP1
1578,Q86VZ5,0,0,0,0,0,0,0,No,SGMS1
1576,Q86VM9,0,0,0,0,0,0,0,No,ZC3H18
1575,Q86V81,0,0,0,0,0,0,0,No,ALYREF
1574,Q86UX7-2,0,0,0,0,0,0,0,No,FERMT3
1573,Q86U86-5,0,0,0,0,0,0,0,No,PBRM1
1571,Q86SJ6,0,0,0,0,0,0,0,No,DSG4
1570,Q7Z7G0-2,0,0,0,0,0,0,0,No,ABI3BP
1569,Q7Z7C8,0,0,0,0,0,0,0,No,TAF8
1568,Q9Y5A9-2,0,0,0,0,0,0,0,No,YTHDF2
1567,Q7Z6Z7-2,0,0,0,0,0,0,0,No,HUWE1
1566,Q7Z6E9,0,0,0,0,0,0,0,No,RBBP6
1565,Q7Z6B0,0,0,0,0,0,0,0,No,CCDC91
1564,Q7Z5P4,0,0,0,0,0,0,0,No,HSD17B13
1563,Q7Z4W1,0,0,0,0,0,0,0,No,DCXR
1562,Q7Z406-6,0,0,0,0,0,0,0,No,MYH14
1560,Q7Z304,0,0,0,0,0,0,0,No,MAMDC2
1559,Q7Z2W4-3,0,0,0,0,0,0,0,No,ZC3HAV1
1558,Q7Z2K6,0,0,0,0,0,0,0,No,ERMP1
1557,Q7RTV0,0,0,0,0,0,0,0,No,PHF5A
1556,Q7L945,0,0,0,0,0,0,0,No,ZNF627
1555,Q7L576,0,0,0,0,0,0,0,No,CYFIP1
1554,Q7L4I2-2,0,0,0,0,0,0,0,No,RSRC2
1553,Q7L2H7-2,0,0,0,0,0,0,0,No,EIF3M
1552,Q7L014,0,0,0,0,0,0,0,No,DDX46
1551,Q7KZF4,0,0,0,0,0,0,0,No,SND1
1550,Q76FK4-2,0,0,0,0,0,0,0,No,NOL8
1549,Q71U36-2,0,0,0,0,0,0,0,No,TUBA1A
1548,Q70EL1-9,0,0,0,0,0,0,0,No,USP54
1547,Q70CQ2-3,0,0,0,0,0,0,0,No,USP34
1546,Q709C8-4,0,0,0,0,0,0,0,No,VPS13C
1545,Q6ZVX7,0,0,0,0,0,0,0,No,NCCRP1
1544,Q6ZUT1-3,0,0,0,0,0,0,0,No,NKAPD1
1543,Q6ZUJ8,0,0,0,0,0,0,0,No,PIK3AP1
1542,Q6ZRV2,0,0,0,0,0,0,0,No,FAM83H
1541,Q6ZNG1,0,0,0,0,0,0,0,No,ZNF600
1540,Q6ZNA1,0,0,0,0,0,0,0,No,ZNF836
1539,Q6ZN55,0,0,0,0,0,0,0,No,ZNF574
1538,Q6ZN54-4,0,0,0,0,0,0,0,No,DEF8
1537,Q6ZN19-3,0,0,0,0,0,0,0,No,ZNF841
1536,Q6ZN06,0,0,0,0,0,0,0,No,ZNF813
1535,Q6ZMZ3,0,0,0,0,0,0,0,No,SYNE3
1534,Q6ZMB0-2,0,0,0,0,0,0,0,No,B3GNT6
1533,Q6Y7W6-4,0,0,0,0,0,0,0,No,GIGYF2
1532,Q6Y288,0,0,0,0,0,0,0,No,B3GLCT
1531,Q6WCQ1-2,0,0,0,0,0,0,0,No,MPRIP
1530,Q6UXY8-4,0,0,0,0,0,0,0,No,TMC5
1529,Q6UXN9,0,0,0,0,0,0,0,No,WDR82
1528,Q6UXI9-2,0,0,0,0,0,0,0,No,NPNT
1526,Q6UWY5,0,0,0,0,0,0,0,No,OLFML1
1524,Q6UWP8,0,0,0,0,0,0,0,No,SBSN
1523,Q6UN15-3,0,0,0,0,0,0,0,No,FIP1L1
1522,Q6S8J3,0,0,0,0,0,0,0,No,POTEE
1521,Q6PL18,0,0,0,0,0,0,0,No,ATAD2
1519,Q6PK81-2,0,0,0,0,0,0,0,No,ZNF773
1517,Q6PJI9-3,0,0,0,0,0,0,0,No,WDR59
1516,Q6PJG6,0,0,0,0,0,0,0,No,BRAT1
1515,Q6PIF6,0,0,0,0,0,0,0,No,MYO7B
1513,Q6P996-4,0,0,0,0,0,0,0,No,PDXDC1
1512,Q6P4Q7,0,0,0,0,0,0,0,No,CNNM4
1511,Q6P2Q9,0,0,0,0,0,0,0,No,PRPF8
1510,Q6P2E9-2,0,0,0,0,0,0,0,No,EDC4
1509,Q6P1X5,0,0,0,0,0,0,0,No,TAF2
1508,Q6P1N0-2,0,0,0,0,0,0,0,No,CC2D1A
1507,Q6P1M3,0,0,0,0,0,0,0,No,LLGL2
1506,Q6NZI2,0,0,0,0,0,0,0,No,CAVIN1
1505,Q6NXG1-2,0,0,0,0,0,0,0,No,ESRP1
1504,Q6NW34-2,0,0,0,0,0,0,0,No,NEPRO
1503,Q6NUK1-2,0,0,0,0,0,0,0,No,SLC25A24
1502,Q6N063-2,0,0,0,0,0,0,0,No,OGFOD2
1501,Q6IQ23-2,0,0,0,0,0,0,0,No,PLEKHA7
1500,Q6DN90,0,0,0,0,0,0,0,No,IQSEC1
1499,Q6DRA6,0,0,0,0,0,0,0,No,HIST2H2BD
1497,Q68CZ2,0,0,0,0,0,0,0,No,TNS3
1496,Q68CK6,0,0,0,0,0,0,0,No,ACSM2B
1495,Q68CJ6,0,0,0,0,0,0,0,No,NUGGC
1494,Q66PJ3,0,0,0,0,0,0,0,No,ARL6IP4
1493,Q66GS9,0,0,0,0,0,0,0,No,CEP135
1492,Q9Y4E1-5,0,0,0,0,0,0,0,No,WASHC2C
1491,Q63ZY3-3,0,0,0,0,0,0,0,No,KANK2
1490,Q63HR2-5,0,0,0,0,0,0,0,No,TNS2
1488,Q5VWQ0,0,0,0,0,0,0,0,No,RSBN1
1487,Q5VU43-2,0,0,0,0,0,0,0,No,PDE4DIP
1486,Q5VTL8,0,0,0,0,0,0,0,No,PRPF38B
1485,Q5VTJ3,0,0,0,0,0,0,0,No,KLHDC7A
1484,Q5VT40,0,0,0,0,0,0,0,No,FAM78B
1483,Q5TZA2-2,0,0,0,0,0,0,0,No,CROCC
1482,Q5TIA1-6,0,0,0,0,0,0,0,No,MEI1
1481,Q5TAQ9,0,0,0,0,0,0,0,No,DCAF8
1479,Q5T750,0,0,0,0,0,0,0,No,XP32
1478,Q5T749,0,0,0,0,0,0,0,No,KPRP
1477,Q5T653,0,0,0,0,0,0,0,No,MRPL2
1476,Q5T5P2,0,0,0,0,0,0,0,No,KIAA1217
1475,Q5T4S7-3,0,0,0,0,0,0,0,No,UBR4
1473,Q5SY68,0,0,0,0,0,0,0,No,S100A7L2
1472,Q5SY16,0,0,0,0,0,0,0,No,NOL9
1471,Q5SSJ5,0,0,0,0,0,0,0,No,HP1BP3
1469,Q5QJE6,0,0,0,0,0,0,0,No,DNTTIP2
1468,Q5M9N0,0,0,0,0,0,0,0,No,CCDC158
1467,Q5JTV8-3,0,0,0,0,0,0,0,No,TOR1AIP1
1466,Q5JS37,0,0,0,0,0,0,0,No,NHLRC3
1465,Q5H8A4-6,0,0,0,0,0,0,0,No,PIGG
1464,Q5CZC0-2,0,0,0,0,0,0,0,No,FSIP2
1463,Q5BKY9,0,0,0,0,0,0,0,No,FAM133B
1462,Q5BJF6-9,0,0,0,0,0,0,0,No,ODF2
1461,Q58FF8,0,0,0,0,0,0,0,No,HSP90AB2P
1459,Q56UN5-2,0,0,0,0,0,0,0,No,MAP3K19
1458,Q562R1,0,0,0,0,0,0,0,No,ACTBL2
1457,Q53TS8-4,0,0,0,0,0,0,0,No,C2CD6
1456,Q53H96-2,0,0,0,0,0,0,0,No,PYCR3
1455,Q53GQ0,0,0,0,0,0,0,0,No,HSD17B12
1454,Q53GL7,0,0,0,0,0,0,0,No,PARP10
1453,Q53EP0-2,0,0,0,0,0,0,0,No,FNDC3B
1452,Q4VXU2,0,0,0,0,0,0,0,No,PABPC1L
1451,Q4V328-4,0,0,0,0,0,0,0,No,GRIPAP1
1450,Q4KMG0-2,0,0,0,0,0,0,0,No,CDON
1449,Q4G0N4-3,0,0,0,0,0,0,0,No,NADK2
1448,Q4G0J3-3,0,0,0,0,0,0,0,Yes,LARP7
1447,Q499Z4,0,0,0,0,0,0,0,No,ZNF672
1446,Q460N5-3,0,0,0,0,0,0,0,No,PARP14
1443,Q3LXA3-2,0,0,0,0,0,0,0,No,TKFC
1442,Q3KQU3-2,0,0,0,0,0,0,0,No,MAP7D1
1441,Q3KP31-2,0,0,0,0,0,0,0,No,ZNF791
1440,Q30167,0,0,0,0,0,0,0,No,HLA-DRB1
1439,Q2TBE0,0,0,0,0,0,0,0,No,CWF19L2
1438,Q2TAY7,0,0,0,0,0,0,0,No,SMU1
1437,Q2M3G0,0,0,0,0,0,0,0,No,ABCB5
1436,Q2M2I3,0,0,0,0,0,0,0,No,FAM83E
1435,Q29RF7,0,0,0,0,0,0,0,No,PDS5A
1433,Q17RC7,0,0,0,0,0,0,0,No,EXOC3L4
1432,Q16891-2,0,0,0,0,0,0,0,No,IMMT
1431,Q16891,0,0,0,0,0,0,0,No,IMMT
1430,Q16853,0,0,0,0,0,0,0,No,AOC3
1429,Q16851,0,0,0,0,0,0,0,No,UGP2
1428,Q16822,0,0,0,0,0,0,0,No,PCK2
1427,Q16819,0,0,0,0,0,0,0,No,MEP1A
1426,Q16795,0,0,0,0,0,0,0,No,NDUFA9
1425,Q16787-1,0,0,0,0,0,0,0,No,LAMA3
1423,Q16762,0,0,0,0,0,0,0,No,TST
1422,Q16658,0,0,0,0,0,0,0,No,FSCN1
1421,Q16630-3,0,0,0,0,0,0,0,No,CPSF6
1418,Q16594,0,0,0,0,0,0,0,No,TAF9
1417,Q16555-2,0,0,0,0,0,0,0,No,DPYSL2
1416,Q16531,0,0,0,0,0,0,0,No,DDB1
1414,Q16270-2,0,0,0,0,0,0,0,No,IGFBP7
1413,Q16181,0,0,0,0,0,0,0,No,7-Sep
1412,Q15773,0,0,0,0,0,0,0,No,MLF2
1411,Q15758,0,0,0,0,0,0,0,No,SLC1A5
1409,Q15695,0,0,0,0,0,0,0,No,ZRSR2P1
1408,Q15691,0,0,0,0,0,0,0,No,MAPRE1
1406,Q15545,0,0,0,0,0,0,0,No,TAF7
1405,Q15542,0,0,0,0,0,0,0,No,TAF5
1404,Q15517,0,0,0,0,0,0,0,No,CDSN
1403,Q15459,0,0,0,0,0,0,0,No,SF3A1
1400,Q15427,0,0,0,0,0,0,0,No,SF3B4
1399,Q15418-3,0,0,0,0,0,0,0,No,RPS6KA1
1398,Q15404-2,0,0,0,0,0,0,0,No,RSU1
1397,Q15397,0,0,0,0,0,0,0,No,PUM3
1396,Q15393,0,0,0,0,0,0,0,No,SF3B3
1395,Q15392-2,0,0,0,0,0,0,0,No,DHCR24
1394,Q15366-6,0,0,0,0,0,0,0,No,PCBP2
1393,Q15365,0,0,0,0,0,0,0,No,PCBP1
1392,Q15361,0,0,0,0,0,0,0,No,TTF1
1391,Q15287-3,0,0,0,0,0,0,0,No,RNPS1
1390,Q15269,0,0,0,0,0,0,0,No,PWP2
1389,Q15256-3,0,0,0,0,0,0,0,No,PTPRR
1387,Q15185-3,0,0,0,0,0,0,0,No,PTGES3
1386,Q15181,0,0,0,0,0,0,0,No,PPA1
1385,Q15154,0,0,0,0,0,0,0,No,PCM1
1384,Q15149-9,0,0,0,0,0,0,0,No,PLEC
1383,Q15149-8,0,0,0,0,0,0,0,No,PLEC
1382,Q15149-6,0,0,0,0,0,0,0,No,PLEC
1381,Q15149-5,0,0,0,0,0,0,0,No,PLEC
1380,Q15149-4,0,0,0,0,0,0,0,No,PLEC
1379,Q15149-3,0,0,0,0,0,0,0,No,PLEC
1378,Q15149-2,0,0,0,0,0,0,0,No,PLEC
1377,Q15149,0,0,0,0,0,0,0,No,PLEC
1376,Q15124,0,0,0,0,0,0,0,No,PGM5
1375,Q15084-3,0,0,0,0,0,0,0,No,PDIA6
1374,Q15063-5,0,0,0,0,0,0,0,No,POSTN
1373,Q15063-3,0,0,0,0,0,0,0,No,POSTN
1372,Q15063-2,0,0,0,0,0,0,0,No,POSTN
1371,Q15061,0,0,0,0,0,0,0,No,WDR43
1370,Q15059,0,0,0,0,0,0,0,No,BRD3
1369,Q15056-2,0,0,0,0,0,0,0,No,EIF4H
1368,Q15052-2,0,0,0,0,0,0,0,No,ARHGEF6
1367,Q15050,0,0,0,0,0,0,0,No,RRS1
1366,Q15046,0,0,0,0,0,0,0,No,KARS
1365,Q15029-2,0,0,0,0,0,0,0,No,EFTUD2
1363,Q14CN2,0,0,0,0,0,0,0,No,CLCA4
1361,Q14974,0,0,0,0,0,0,0,No,KPNB1
1360,Q14914-2,0,0,0,0,0,0,0,No,PTGR1
1359,Q14847,0,0,0,0,0,0,0,No,LASP1
1356,Q14764,0,0,0,0,0,0,0,No,MVP
1355,Q14749,0,0,0,0,0,0,0,No,GNMT
1354,Q14739,0,0,0,0,0,0,0,No,LBR
1353,Q14699,0,0,0,0,0,0,0,No,RFTN1
1352,Q14697-2,0,0,0,0,0,0,0,No,GANAB
1351,Q14697,0,0,0,0,0,0,0,No,GANAB
1350,Q14683,0,0,0,0,0,0,0,No,SMC1A
1349,Q14677,0,0,0,0,0,0,0,No,CLINT1
1348,Q14624-4,0,0,0,0,0,0,0,No,ITIH4
1347,Q14592-2,0,0,0,0,0,0,0,No,ZNF460
1346,Q14586,0,0,0,0,0,0,0,No,ZNF267
1345,Q14574-2,0,0,0,0,0,0,0,No,DSC3
1343,Q14571,0,0,0,0,0,0,0,No,ITPR2
1342,Q14562,0,0,0,0,0,0,0,No,DHX8
1341,Q14520-2,0,0,0,0,0,0,0,No,HABP2
1339,Q14451-2,0,0,0,0,0,0,0,No,GRB7
1338,Q14444-2,0,0,0,0,0,0,0,No,CAPRIN1
1337,Q14435,0,0,0,0,0,0,0,No,GALNT3
1336,Q14315-2,0,0,0,0,0,0,0,No,FLNC
1332,Q14247,0,0,0,0,0,0,0,No,CTTN
1331,Q14244,0,0,0,0,0,0,0,No,MAP7
1330,Q14210,0,0,0,0,0,0,0,No,LY6D
1329,Q14204,0,0,0,0,0,0,0,No,DYNC1H1
1327,Q14195-2,0,0,0,0,0,0,0,No,DPYSL3
1326,Q14192,0,0,0,0,0,0,0,No,FHL2
1325,Q14186-2,0,0,0,0,0,0,0,No,TFDP1
1324,Q14166,0,0,0,0,0,0,0,No,TTLL12
1323,Q14152-2,0,0,0,0,0,0,0,No,EIF3A
1322,Q14151,0,0,0,0,0,0,0,No,SAFB2
1321,Q14137,0,0,0,0,0,0,0,No,BOP1
1320,Q14134-2,0,0,0,0,0,0,0,No,TRIM29
1319,Q14126,0,0,0,0,0,0,0,No,DSG2
1318,Q14118,0,0,0,0,0,0,0,No,DAG1
1317,Q14117,0,0,0,0,0,0,0,No,DPYS
1316,Q14112-2,0,0,0,0,0,0,0,No,NID2
1314,Q14103-4,0,0,0,0,0,0,0,No,HNRNPD
1313,Q14032,0,0,0,0,0,0,0,No,BAAT
1312,Q14008-2,0,0,0,0,0,0,0,No,CKAP5
1311,Q14002,0,0,0,0,0,0,0,No,CEACAM7
1310,Q13885,0,0,0,0,0,0,0,No,TUBB2A
1309,Q13884,0,0,0,0,0,0,0,No,SNTB1
1307,Q13835-2,0,0,0,0,0,0,0,No,PKP1
1306,Q13813-3,0,0,0,0,0,0,0,No,SPTAN1
1305,Q13813-2,0,0,0,0,0,0,0,No,SPTAN1
1304,Q13813,0,0,0,0,0,0,0,No,SPTAN1
1301,Q13724-2,0,0,0,0,0,0,0,No,MOGS
1300,Q13630,0,0,0,0,0,0,0,No,TSTA3
1299,Q13619,0,0,0,0,0,0,0,No,CUL4A
1298,Q13618-3,0,0,0,0,0,0,0,No,CUL3
1297,Q13595,0,0,0,0,0,0,0,No,TRA2A
1296,Q13576,0,0,0,0,0,0,0,No,IQGAP2
1295,Q13573,0,0,0,0,0,0,0,No,SNW1
1294,Q13557-8,0,0,0,0,0,0,0,No,CAMK2D
1293,Q13555-10,0,0,0,0,0,0,0,No,CAMK2G
1291,Q13546-2,0,0,0,0,0,0,0,No,RIPK1
1290,Q13523,0,0,0,0,0,0,0,No,PRPF4B
1289,Q13506-2,0,0,0,0,0,0,0,No,NAB1
1288,Q13488,0,0,0,0,0,0,0,No,TCIRG1
1287,Q13435,0,0,0,0,0,0,0,No,SF3B2
1285,Q13427,0,0,0,0,0,0,0,No,PPIG
1283,Q13423,0,0,0,0,0,0,0,No,NNT
1282,Q13418-3,0,0,0,0,0,0,0,No,ILK
1281,Q13409-6,0,0,0,0,0,0,0,No,DYNC1I2
1280,Q13405,0,0,0,0,0,0,0,No,MRPL49
1279,Q13402-5,0,0,0,0,0,0,0,No,MYO7A
1278,Q13363-2,0,0,0,0,0,0,0,No,CTBP1
1277,Q13347,0,0,0,0,0,0,0,No,EIF3I
1275,Q13263,0,0,0,0,0,0,0,No,TRIM28
1273,Q13243,0,0,0,0,0,0,0,No,SRSF5
1272,Q13242,0,0,0,0,0,0,0,No,SRSF9
1271,Q13228,0,0,0,0,0,0,0,No,SELENBP1
1270,Q13200-2,0,0,0,0,0,0,0,No,PSMD2
1269,Q13185,0,0,0,0,0,0,0,No,CBX3
1268,Q13162,0,0,0,0,0,0,0,No,PRDX4
1267,Q13151,0,0,0,0,0,0,0,No,HNRNPA0
1266,Q13131-2,0,0,0,0,0,0,0,No,PRKAA1
1265,Q13123,0,0,0,0,0,0,0,No,IK
1264,Q13103,0,0,0,0,0,0,0,No,SPP2
1263,Q13085-4,0,0,0,0,0,0,0,No,ACACA
1262,Q13057,0,0,0,0,0,0,0,No,COASY
1260,Q12986,0,0,0,0,0,0,0,No,NFX1
1256,Q12906-5,0,0,0,0,0,0,0,No,ILF3
1255,Q12874,0,0,0,0,0,0,0,No,SF3A3
1254,Q12873-2,0,0,0,0,0,0,0,No,CHD3
1253,Q12872,0,0,0,0,0,0,0,No,SFSWAP
1252,Q12866,0,0,0,0,0,0,0,No,MERTK
1251,Q12864,0,0,0,0,0,0,0,No,CDH17
1249,Q12802-4,0,0,0,0,0,0,0,No,AKAP13
1248,Q12797-10,0,0,0,0,0,0,0,No,ASPH
1247,Q12792-3,0,0,0,0,0,0,0,No,TWF1
1246,Q12788,0,0,0,0,0,0,0,No,TBL3
1245,Q12769,0,0,0,0,0,0,0,No,NUP160
1244,Q12756,0,0,0,0,0,0,0,No,KIF1A
1243,Q11206-7,0,0,0,0,0,0,0,No,ST3GAL4
1242,Q10589-2,0,0,0,0,0,0,0,No,BST2
1241,Q10570,0,0,0,0,0,0,0,No,CPSF1
1240,Q0VGE8,0,0,0,0,0,0,0,No,ZNF816
1239,Q0VF96,0,0,0,0,0,0,0,No,CGNL1
1238,Q0D2I5-3,0,0,0,0,0,0,0,No,IFFO1
1237,Q09666,0,0,0,0,0,0,0,No,AHNAK
1236,Q09028-4,0,0,0,0,0,0,0,No,RBBP4
1235,Q08945,0,0,0,0,0,0,0,No,SSRP1
1234,Q08830,0,0,0,0,0,0,0,No,FGL1
1233,Q08554-2,0,0,0,0,0,0,0,No,DSC1
1232,Q08426,0,0,0,0,0,0,0,No,EHHADH
1230,Q08379,0,0,0,0,0,0,0,No,GOLGA2
1229,Q08345-2,0,0,0,0,0,0,0,No,DDR1
1227,Q08188,0,0,0,0,0,0,0,No,TGM3
1226,Q07960,0,0,0,0,0,0,0,No,ARHGAP1
1224,Q07954,0,0,0,0,0,0,0,No,LRP1
1223,Q07654,0,0,0,0,0,0,0,No,TFF3
1222,Q07507,0,0,0,0,0,0,0,No,DPT
1221,Q07157-2,0,0,0,0,0,0,0,No,TJP1
1220,Q07092-2,0,0,0,0,0,0,0,No,COL16A1
1219,Q07065,0,0,0,0,0,0,0,No,CKAP4
1218,Q07021,0,0,0,0,0,0,0,No,C1QBP
1217,Q07020-2,0,0,0,0,0,0,0,No,RPL18
1216,Q06830,0,0,0,0,0,0,0,No,PRDX1
1215,Q06828,0,0,0,0,0,0,0,No,FMOD
1214,Q06520,0,0,0,0,0,0,0,No,SULT2A1
1213,Q06278,0,0,0,0,0,0,0,No,AOX1
1212,Q06210-2,0,0,0,0,0,0,0,No,GFPT1
1211,Q05707,0,0,0,0,0,0,0,No,COL14A1
1210,Q05682-5,0,0,0,0,0,0,0,No,CALD1
1209,Q05519-2,0,0,0,0,0,0,0,No,SRSF11
1208,Q05481-2,0,0,0,0,0,0,0,No,ZNF91
1207,Q04941,0,0,0,0,0,0,0,No,PLP2
1206,Q04837,0,0,0,0,0,0,0,No,SSBP1
1205,Q04828,0,0,0,0,0,0,0,No,AKR1C1
1204,Q04637-6,0,0,0,0,0,0,0,No,EIF4G1
1203,Q04446,0,0,0,0,0,0,0,No,GBE1
1202,Q04206-2,0,0,0,0,0,0,0,No,RELA
1201,Q03519,0,0,0,0,0,0,0,No,TAP2
1200,Q03518,0,0,0,0,0,0,0,No,TAP1
1199,Q03426,0,0,0,0,0,0,0,No,MVK
1198,Q03252,0,0,0,0,0,0,0,No,LMNB2
1197,Q03135-2,0,0,0,0,0,0,0,No,CAV1
1196,Q03001-14,0,0,0,0,0,0,0,No,DST
1195,Q02978-2,0,0,0,0,0,0,0,No,SLC25A11
1194,Q02878,0,0,0,0,0,0,0,No,RPL6
1193,Q02818,0,0,0,0,0,0,0,No,NUCB1
1192,Q02817,0,0,0,0,0,0,0,No,MUC2
1191,Q02809,0,0,0,0,0,0,0,No,PLOD1
1188,Q02413,0,0,0,0,0,0,0,No,DSG1
1187,Q02388-2,0,0,0,0,0,0,0,No,COL7A1
1186,Q02338,0,0,0,0,0,0,0,No,BDH1
1185,Q02318,0,0,0,0,0,0,0,No,CYP27A1
1184,Q02252-2,0,0,0,0,0,0,0,No,ALDH6A1
1183,Q02218-2,0,0,0,0,0,0,0,No,OGDH
1182,Q02040,0,0,0,0,0,0,0,No,AKAP17A
1181,Q01995,0,0,0,0,0,0,0,No,TAGLN
1180,Q01813,0,0,0,0,0,0,0,No,PFKP
1179,Q01546,0,0,0,0,0,0,0,No,KRT76
1178,Q01518-2,0,0,0,0,0,0,0,No,CAP1
1177,Q01484-5,0,0,0,0,0,0,0,No,ANK2
1176,Q01469,0,0,0,0,0,0,0,No,FABP5
1174,Q01105-3,0,0,0,0,0,0,0,No,SET
1173,Q01082-3,0,0,0,0,0,0,0,No,SPTBN1
1172,Q01082,0,0,0,0,0,0,0,No,SPTBN1
1170,Q00796,0,0,0,0,0,0,0,No,SORD
1169,Q00610-2,0,0,0,0,0,0,0,No,CLTC
1166,Q00325-2,0,0,0,0,0,0,0,No,SLC25A3
1165,Q00266,0,0,0,0,0,0,0,No,MAT1A
1164,Q00169,0,0,0,0,0,0,0,No,PITPNA
1163,P98177-2,0,0,0,0,0,0,0,No,FOXO4
1160,P86452,0,0,0,0,0,0,0,No,ZBED6
1159,P84103-2,0,0,0,0,0,0,0,No,SRSF3
1156,P84085,0,0,0,0,0,0,0,No,ARF5
1155,P83916,0,0,0,0,0,0,0,No,CBX1
1152,P82933,0,0,0,0,0,0,0,No,MRPS9
1151,P82650,0,0,0,0,0,0,0,No,MRPS22
1150,P82094,0,0,0,0,0,0,0,No,TMF1
1147,P80404,0,0,0,0,0,0,0,No,ABAT
1146,P80192,0,0,0,0,0,0,0,No,MAP3K9
1145,P80188-2,0,0,0,0,0,0,0,No,LCN2
1144,P78527,0,0,0,0,0,0,0,No,PRKDC
1143,P78371,0,0,0,0,0,0,0,No,CCT2
1142,P78362,0,0,0,0,0,0,0,No,SRPK2
1141,Q08477-2,0,0,0,0,0,0,0,No,CYP4F3
1140,P69905,0,0,0,0,0,0,0,No,HBA1;
1139,P68871,0,0,0,0,0,0,0,No,HBB
1138,Q71DI3,0,0,0,0,0,0,0,No,HIST2H3A;
1137,P68371,0,0,0,0,0,0,0,Yes,TUBB4B
1136,P68366-2,0,0,0,0,0,0,0,No,TUBA4A
1135,P68363,0,0,0,0,0,0,0,No,TUBA1B
1134,Q5VTE0,0,0,0,0,0,0,0,No,EEF1A1P5
1133,P68032,0,0,0,0,0,0,0,No,ACTC1
1132,P67809,0,0,0,0,0,0,0,No,YBX1
1131,P63261,0,0,0,0,0,0,0,No,ACTG1
1130,P63244,0,0,0,0,0,0,0,No,RACK1
1129,P63208,0,0,0,0,0,0,0,No,SKP1
1128,P63173,0,0,0,0,0,0,0,No,RPL38
1127,P63167,0,0,0,0,0,0,0,No,DYNLL1
1126,P63151,0,0,0,0,0,0,0,No,PPP2R2A
1125,P63104,0,0,0,0,0,0,0,No,YWHAZ
1124,P63010-2,0,0,0,0,0,0,0,No,AP2B1
1123,P62995,0,0,0,0,0,0,0,No,TRA2B
1122,P62979,0,0,0,0,0,0,0,Yes,RPS27A
1119,P62913,0,0,0,0,0,0,0,No,RPL11
1118,P62910,0,0,0,0,0,0,0,No,RPL32
1117,P62906,0,0,0,0,0,0,0,No,RPL10A
1116,P62899-3,0,0,0,0,0,0,0,No,RPL31
1115,Q59GN2,0,0,0,0,0,0,0,No,RPL39P5
1114,P62888,0,0,0,0,0,0,0,No,RPL30
1113,P62879,0,0,0,0,0,0,0,No,GNB2
1111,P62847-2,0,0,0,0,0,0,0,No,RPS24
1109,P62826,0,0,0,0,0,0,0,No,RAN
1108,P62820-2,0,0,0,0,0,0,0,No,RAB1A
1107,P62805,0,0,0,0,0,0,0,No,HIST1H4A
1105,P62750,0,0,0,0,0,0,0,No,RPL23A
1103,P67775-2,0,0,0,0,0,0,0,No,PPP2CA
1102,P62701,0,0,0,0,0,0,0,No,RPS4X
1101,P62491-2,0,0,0,0,0,0,0,No,RAB11A
1100,P62424,0,0,0,0,0,0,0,No,RPL7A
1099,P62318-2,0,0,0,0,0,0,0,No,SNRPD3
1098,P62316,0,0,0,0,0,0,0,No,SNRPD2
1097,P62306,0,0,0,0,0,0,0,No,SNRPF
1096,P62304,0,0,0,0,0,0,0,No,SNRPE
1095,P62280,0,0,0,0,0,0,0,No,RPS11
1094,P62277,0,0,0,0,0,0,0,No,RPS13
1092,P62266,0,0,0,0,0,0,0,No,RPS23
1090,P62258,0,0,0,0,0,0,0,No,YWHAE
1089,P62249,0,0,0,0,0,0,0,No,RPS16
1088,P62244,0,0,0,0,0,0,0,No,RPS15A
1087,P62241,0,0,0,0,0,0,0,No,RPS8
1086,P62195-2,0,0,0,0,0,0,0,No,PSMC5
1085,P62140,0,0,0,0,0,0,0,No,PPP1CB
1084,P61981,0,0,0,0,0,0,0,No,YWHAG
1082,P61769,0,0,0,0,0,0,0,No,B2M
1081,P61626,0,0,0,0,0,0,0,No,LYZ
1080,P61619,0,0,0,0,0,0,0,No,SEC61A1
1079,P61513,0,0,0,0,0,0,0,No,RPL37A
1078,P61421,0,0,0,0,0,0,0,No,ATP6V0D1
1077,P61353,0,0,0,0,0,0,0,No,RPL27
1076,P61326,0,0,0,0,0,0,0,No,MAGOH
1075,P61313,0,0,0,0,0,0,0,No,RPL15
1072,P61221,0,0,0,0,0,0,0,No,ABCE1
1071,P61204,0,0,0,0,0,0,0,No,ARF3
1070,P61163,0,0,0,0,0,0,0,No,ACTR1A
1069,P61160,0,0,0,0,0,0,0,No,ACTR2
1068,P61158,0,0,0,0,0,0,0,No,ACTR3
1067,P61019,0,0,0,0,0,0,0,No,RAB2A
1066,P60981,0,0,0,0,0,0,0,No,DSTN
1065,P60953,0,0,0,0,0,0,0,No,CDC42
1064,P60900-2,0,0,0,0,0,0,0,No,PSMA6
1063,P60866,0,0,0,0,0,0,0,No,RPS20
1061,P60709,0,0,0,0,0,0,0,No,ACTB
1060,P60660,0,0,0,0,0,0,0,No,MYL6
1059,P60228,0,0,0,0,0,0,0,No,EIF3E
1058,P60174,0,0,0,0,0,0,0,No,TPI1
1057,P60033,0,0,0,0,0,0,0,No,CD81
1056,P59998,0,0,0,0,0,0,0,No,ARPC4
1055,P59923,0,0,0,0,0,0,0,No,ZNF445
1053,P58304,0,0,0,0,0,0,0,No,VSX2
1052,P58107,0,0,0,0,0,0,0,No,EPPK1
1051,P57740-3,0,0,0,0,0,0,0,No,NUP107
1049,P56537,0,0,0,0,0,0,0,No,EIF6
1048,P56470,0,0,0,0,0,0,0,No,LGALS4
1046,P56182,0,0,0,0,0,0,0,No,RRP1
1045,P55884,0,0,0,0,0,0,0,No,EIF3B
1044,P55795,0,0,0,0,0,0,0,No,HNRNPH2
1042,P55769,0,0,0,0,0,0,0,No,SNU13
1041,P55735,0,0,0,0,0,0,0,No,SEC13
1040,P55287-2,0,0,0,0,0,0,0,No,CDH11
1038,P55265-5,0,0,0,0,0,0,0,No,ADAR
1037,P55212-2,0,0,0,0,0,0,0,No,CASP6
1036,P55196-3,0,0,0,0,0,0,0,No,AFDN
1035,P55157,0,0,0,0,0,0,0,No,MTTP
1034,P55084-2,0,0,0,0,0,0,0,No,HADHB
1033,P55081,0,0,0,0,0,0,0,No,MFAP1
1032,P55072,0,0,0,0,0,0,0,No,VCP
1031,P55060-4,0,0,0,0,0,0,0,No,CSE1L
1030,P55001-3,0,0,0,0,0,0,0,No,MFAP2
1029,P54886-2,0,0,0,0,0,0,0,No,ALDH18A1
1028,P54868,0,0,0,0,0,0,0,No,HMGCS2
1027,P54840,0,0,0,0,0,0,0,No,GYS2
1026,P54727,0,0,0,0,0,0,0,No,RAD23B
1025,P54707,0,0,0,0,0,0,0,No,ATP12A
1024,P54652,0,0,0,0,0,0,0,No,HSPA2
1023,P54577,0,0,0,0,0,0,0,No,YARS
1022,P54136-2,0,0,0,0,0,0,0,No,RARS
1021,P53999,0,0,0,0,0,0,0,No,SUB1
1020,P53992,0,0,0,0,0,0,0,No,SEC24C
1019,P53814-5,0,0,0,0,0,0,0,No,SMTN
1018,P53621,0,0,0,0,0,0,0,No,COPA
1017,P53618,0,0,0,0,0,0,0,No,COPB1
1016,P53597,0,0,0,0,0,0,0,No,SUCLG1
1015,P53396,0,0,0,0,0,0,0,No,ACLY
1014,P53041,0,0,0,0,0,0,0,No,PPP5C
1013,P53007,0,0,0,0,0,0,0,No,SLC25A1
1012,P52907,0,0,0,0,0,0,0,No,CAPZA1
1011,P52895,0,0,0,0,0,0,0,No,AKR1C2
1010,P52758,0,0,0,0,0,0,0,No,RIDA
1009,P52701-4,0,0,0,0,0,0,0,No,MSH6
1006,P52565,0,0,0,0,0,0,0,No,ARHGDIA
1005,P52294,0,0,0,0,0,0,0,No,KPNA1
1004,P52272-2,0,0,0,0,0,0,0,No,HNRNPM
1003,P52209-2,0,0,0,0,0,0,0,No,PGD
1001,P51911,0,0,0,0,0,0,0,No,CNN1
1000,P51888,0,0,0,0,0,0,0,No,PRELP
999,P51884,0,0,0,0,0,0,0,No,LUM
998,P51812,0,0,0,0,0,0,0,No,RPS6KA3
997,P51659,0,0,0,0,0,0,0,No,HSD17B4
996,P51648,0,0,0,0,0,0,0,No,ALDH3A2
995,P51570,0,0,0,0,0,0,0,No,GALK1
993,P51531-2,0,0,0,0,0,0,0,No,SMARCA2
992,P51512-2,0,0,0,0,0,0,0,No,MMP16
991,P51398-2,0,0,0,0,0,0,0,No,DAP3
990,P51149,0,0,0,0,0,0,0,No,RAB7A
989,P51148,0,0,0,0,0,0,0,No,RAB5C
988,P51114-3,0,0,0,0,0,0,0,No,FXR1
987,P50995-2,0,0,0,0,0,0,0,No,ANXA11
986,P50991-2,0,0,0,0,0,0,0,No,CCT4
985,P50990,0,0,0,0,0,0,0,No,CCT8
984,P50914,0,0,0,0,0,0,0,No,RPL14
983,P50851-2,0,0,0,0,0,0,0,No,LRBA
982,P50570-3,0,0,0,0,0,0,0,No,DNM2
981,P50542-2,0,0,0,0,0,0,0,No,PEX5
980,Q8IZP2,0,0,0,0,0,0,0,No,ST13P4
979,P50454,0,0,0,0,0,0,0,No,SERPINH1
978,P50440-3,0,0,0,0,0,0,0,No,GATM
977,P50416-2,0,0,0,0,0,0,0,No,CPT1A
976,P50402,0,0,0,0,0,0,0,No,EMD
975,P50395,0,0,0,0,0,0,0,No,GDI2
974,P50225,0,0,0,0,0,0,0,No,SULT1A1
973,P50053,0,0,0,0,0,0,0,No,KHK
972,P49915-2,0,0,0,0,0,0,0,No,GMPS
971,P49848-3,0,0,0,0,0,0,0,No,TAF6
970,P49792,0,0,0,0,0,0,0,No,RANBP2
969,P49788-2,0,0,0,0,0,0,0,No,RARRES1
968,P49760-3,0,0,0,0,0,0,0,No,CLK2
966,P49755,0,0,0,0,0,0,0,No,TMED10
965,P49748-2,0,0,0,0,0,0,0,No,ACADVL
964,P49721,0,0,0,0,0,0,0,No,PSMB2
963,P49720,0,0,0,0,0,0,0,No,PSMB3
962,P49591,0,0,0,0,0,0,0,No,SARS
960,P49454,0,0,0,0,0,0,0,No,CENPF
959,P49419-2,0,0,0,0,0,0,0,No,ALDH7A1
958,P49411,0,0,0,0,0,0,0,No,TUFM
957,P49368-2,0,0,0,0,0,0,0,No,CCT3
956,P49327,0,0,0,0,0,0,0,No,FASN
955,P49326,0,0,0,0,0,0,0,No,FMO5
954,P49189,0,0,0,0,0,0,0,No,ALDH9A1
953,P49023-2,0,0,0,0,0,0,0,No,PXN
952,P48735-2,0,0,0,0,0,0,0,No,IDH2
951,P48729-3,0,0,0,0,0,0,0,No,CSNK1A1
950,P48681,0,0,0,0,0,0,0,No,NES
949,P48643,0,0,0,0,0,0,0,No,CCT5
948,P48594,0,0,0,0,0,0,0,No,SERPINB4
947,P48444,0,0,0,0,0,0,0,No,ARCN1
946,P48163-2,0,0,0,0,0,0,0,No,ME1
945,P48147,0,0,0,0,0,0,0,No,PREP
944,P47929,0,0,0,0,0,0,0,No,LGALS7
943,P47914,0,0,0,0,0,0,0,No,RPL29
942,P47897-2,0,0,0,0,0,0,0,No,QARS
941,P47895,0,0,0,0,0,0,0,No,ALDH1A3
940,P47756-2,0,0,0,0,0,0,0,No,CAPZB
939,P47755,0,0,0,0,0,0,0,No,CAPZA2
938,P47736,0,0,0,0,0,0,0,No,RAP1GAP
937,P46977,0,0,0,0,0,0,0,No,STT3A
936,P46940,0,0,0,0,0,0,0,No,IQGAP1
935,P46939,0,0,0,0,0,0,0,No,UTRN
934,P46782,0,0,0,0,0,0,0,No,RPS5
932,P46779-4,0,0,0,0,0,0,0,No,RPL28
930,P46777,0,0,0,0,0,0,0,No,RPL5
928,P46459-2,0,0,0,0,0,0,0,No,NSF
927,P46087-2,0,0,0,0,0,0,0,No,NOP2
926,P46019,0,0,0,0,0,0,0,No,PHKA2
925,P45974-2,0,0,0,0,0,0,0,No,USP5
924,P45973,0,0,0,0,0,0,0,No,CBX5
923,P45954,0,0,0,0,0,0,0,No,ACADSB
922,P45880-2,0,0,0,0,0,0,0,No,VDAC2
921,P43490,0,0,0,0,0,0,0,No,NAMPT
920,P43304-2,0,0,0,0,0,0,0,No,GPD2
918,P42766,0,0,0,0,0,0,0,No,RPL35
917,P42765,0,0,0,0,0,0,0,No,ACAA2
916,P42704,0,0,0,0,0,0,0,No,LRPPRC
915,P42696,0,0,0,0,0,0,0,No,RBM34
914,P42679-3,0,0,0,0,0,0,0,No,MATK
912,P42357,0,0,0,0,0,0,0,No,HAL
911,P42285,0,0,0,0,0,0,0,No,MTREX
909,P42167,0,0,0,0,0,0,0,No,TMPO
907,P41250,0,0,0,0,0,0,0,No,GARS
906,P41223,0,0,0,0,0,0,0,No,BUD31
905,P41219,0,0,0,0,0,0,0,No,PRPH
904,P41218,0,0,0,0,0,0,0,No,MNDA
903,P41091,0,0,0,0,0,0,0,No,EIF2S3
902,P40939,0,0,0,0,0,0,0,No,HADHA
900,P40925-2,0,0,0,0,0,0,0,No,MDH1
899,P40763-3,0,0,0,0,0,0,0,No,STAT3
898,P40429,0,0,0,0,0,0,0,No,RPL13A
897,P40227-2,0,0,0,0,0,0,0,No,CCT6A
896,P40199,0,0,0,0,0,0,0,No,CEACAM6
895,P40126,0,0,0,0,0,0,0,No,DCT
894,P40121-2,0,0,0,0,0,0,0,No,CAPG
893,P39656-2,0,0,0,0,0,0,0,No,DDOST
892,P39060-2,0,0,0,0,0,0,0,No,COL18A1
890,P39023,0,0,0,0,0,0,0,No,RPL3
889,P39019,0,0,0,0,0,0,0,No,RPS19
888,P38919,0,0,0,0,0,0,0,No,EIF4A3
887,P38646,0,0,0,0,0,0,0,No,HSPA9
885,P38159,0,0,0,0,0,0,0,No,RBMX
884,P37837,0,0,0,0,0,0,0,No,TALDO1
883,P37802-2,0,0,0,0,0,0,0,No,TAGLN2
882,P37198,0,0,0,0,0,0,0,No,NUP62
881,P36952,0,0,0,0,0,0,0,No,SERPINB5
880,P36871,0,0,0,0,0,0,0,No,PGM1
879,P36578,0,0,0,0,0,0,0,No,RPL4
878,P36543-3,0,0,0,0,0,0,0,No,ATP6V1E1
877,P36542-2,0,0,0,0,0,0,0,No,ATP5F1C
876,P35998,0,0,0,0,0,0,0,No,PSMC2
875,P35869,0,0,0,0,0,0,0,No,AHR
874,P35858,0,0,0,0,0,0,0,No,IGFALS
873,P35749-3,0,0,0,0,0,0,0,No,MYH11
872,P35749-2,0,0,0,0,0,0,0,No,MYH11
871,P35749,0,0,0,0,0,0,0,No,MYH11
870,P35659,0,0,0,0,0,0,0,No,DEK
868,P35611-2,0,0,0,0,0,0,0,No,ADD1
867,P35606-2,0,0,0,0,0,0,0,No,COPB2
866,P35580,0,0,0,0,0,0,0,No,MYH10
865,P35579,0,0,0,0,0,0,0,No,MYH9
864,P35573,0,0,0,0,0,0,0,No,AGL
863,P35556,0,0,0,0,0,0,0,No,FBN2
862,P35555,0,0,0,0,0,0,0,No,FBN1
861,P35527,0,0,0,0,0,0,0,No,KRT9
860,P35442,0,0,0,0,0,0,0,No,THBS2
859,P35326,0,0,0,0,0,0,0,No,SPRR2A
858,P35321,0,0,0,0,0,0,0,No,SPRR1A
857,P35268,0,0,0,0,0,0,0,No,RPL22
856,P35237,0,0,0,0,0,0,0,No,SERPINB6
855,P35232,0,0,0,0,0,0,0,No,PHB
854,P35222,0,0,0,0,0,0,0,No,CTNNB1
853,P35221,0,0,0,0,0,0,0,No,CTNNA1
851,P34913-3,0,0,0,0,0,0,0,No,EPHX2
850,P34897-3,0,0,0,0,0,0,0,No,SHMT2
849,P34896-2,0,0,0,0,0,0,0,No,SHMT1
848,P34059,0,0,0,0,0,0,0,No,GALNS
847,P33993,0,0,0,0,0,0,0,No,MCM7
846,P33992,0,0,0,0,0,0,0,No,MCM5
845,P33991,0,0,0,0,0,0,0,No,MCM4
843,P33121,0,0,0,0,0,0,0,No,ACSL1
842,P32754-2,0,0,0,0,0,0,0,No,HPD
841,P32119,0,0,0,0,0,0,0,No,PRDX2
840,P32004-3,0,0,0,0,0,0,0,No,L1CAM
839,P31949,0,0,0,0,0,0,0,No,S100A11
838,P31947-2,0,0,0,0,0,0,0,No,SFN
837,P31946-2,0,0,0,0,0,0,0,No,YWHAB
836,P31944,0,0,0,0,0,0,0,No,CASP14
835,P31943,0,0,0,0,0,0,0,No,HNRNPH1
834,P31942-3,0,0,0,0,0,0,0,No,HNRNPH3
833,P31939,0,0,0,0,0,0,0,No,ATIC
832,P31930,0,0,0,0,0,0,0,No,UQCRC1
830,P31513,0,0,0,0,0,0,0,No,FMO3
829,P31327-3,0,0,0,0,0,0,0,No,CPS1
828,P31153-2,0,0,0,0,0,0,0,No,MAT2A
827,P31151,0,0,0,0,0,0,0,No,S100A7
826,P31150,0,0,0,0,0,0,0,No,GDI1
824,P31040,0,0,0,0,0,0,0,No,SDHA
823,P30876,0,0,0,0,0,0,0,No,POLR2B
822,P30838,0,0,0,0,0,0,0,No,ALDH3A1
821,P30740,0,0,0,0,0,0,0,No,SERPINB1
820,P30622-2,0,0,0,0,0,0,0,No,CLIP1
819,P30613-2,0,0,0,0,0,0,0,No,PKLR
818,P30508,0,0,0,0,0,0,0,No,HLA-C
817,P30479,0,0,0,0,0,0,0,No,HLA-B
816,P30153,0,0,0,0,0,0,0,No,PPP2R1A
815,P30101,0,0,0,0,0,0,0,No,PDIA3
814,P30086,0,0,0,0,0,0,0,No,PEBP1
813,P30084,0,0,0,0,0,0,0,No,ECHS1
812,P30050,0,0,0,0,0,0,0,No,RPL12
811,P30049,0,0,0,0,0,0,0,No,ATP5F1D
810,P30048-2,0,0,0,0,0,0,0,No,PRDX3
809,P30041,0,0,0,0,0,0,0,No,PRDX6
808,P30038,0,0,0,0,0,0,0,No,ALDH4A1
807,P29803,0,0,0,0,0,0,0,No,PDHA2
806,P29728-2,0,0,0,0,0,0,0,No,OAS2
805,P29692,0,0,0,0,0,0,0,No,EEF1D
804,P29590-4,0,0,0,0,0,0,0,No,PML
803,P29508,0,0,0,0,0,0,0,No,SERPINB3
802,P29401,0,0,0,0,0,0,0,No,TKT
801,P29373,0,0,0,0,0,0,0,No,CRABP2
800,P29120-2,0,0,0,0,0,0,0,No,PCSK1
799,P28838-2,0,0,0,0,0,0,0,No,LAP3
798,P28676,0,0,0,0,0,0,0,No,GCA
797,P28476,0,0,0,0,0,0,0,No,GABRR2
796,P28332,0,0,0,0,0,0,0,No,ADH6
795,P28331-3,0,0,0,0,0,0,0,No,NDUFS1
794,P28290-2,0,0,0,0,0,0,0,No,ITPRID2
793,P28074-2,0,0,0,0,0,0,0,No,PSMB5
792,P28070,0,0,0,0,0,0,0,No,PSMB4
791,P28066,0,0,0,0,0,0,0,No,PSMA5
790,P27824-2,0,0,0,0,0,0,0,No,CANX
789,P27816-5,0,0,0,0,0,0,0,No,MAP4
788,P27797,0,0,0,0,0,0,0,No,CALR
785,P27482,0,0,0,0,0,0,0,No,CALML3
784,P27361-2,0,0,0,0,0,0,0,No,MAPK3
782,P27338,0,0,0,0,0,0,0,No,MAOB
781,P27105,0,0,0,0,0,0,0,No,STOM
780,P26641,0,0,0,0,0,0,0,No,EEF1G
779,P26640,0,0,0,0,0,0,0,No,VARS
778,P26639,0,0,0,0,0,0,0,No,TARS
777,P26599,0,0,0,0,0,0,0,No,PTBP1
776,P26373,0,0,0,0,0,0,0,No,RPL13
775,P26368-2,0,0,0,0,0,0,0,No,U2AF2
774,P26358-3,0,0,0,0,0,0,0,No,DNMT1
773,P26232-2,0,0,0,0,0,0,0,No,CTNNA2
772,P26196,0,0,0,0,0,0,0,Yes,DDX6
771,P26038,0,0,0,0,0,0,0,No,MSN
770,P25940,0,0,0,0,0,0,0,No,COL5A3
769,P25815,0,0,0,0,0,0,0,No,S100P
768,P25788-2,0,0,0,0,0,0,0,No,PSMA3
767,P25705,0,0,0,0,0,0,0,No,ATP5F1A
766,P25440-3,0,0,0,0,0,0,0,No,BRD2
765,P25391,0,0,0,0,0,0,0,No,LAMA1
764,P25311,0,0,0,0,0,0,0,No,AZGP1
763,P25205,0,0,0,0,0,0,0,No,MCM3
762,P24928,0,0,0,0,0,0,0,No,POLR2A
761,P24844,0,0,0,0,0,0,0,No,MYL9
760,P24821-5,0,0,0,0,0,0,0,No,TNC
758,P24752,0,0,0,0,0,0,0,No,ACAT1
757,P24539,0,0,0,0,0,0,0,No,ATP5PB
756,P24534,0,0,0,0,0,0,0,No,EEF1B2
755,P24158,0,0,0,0,0,0,0,No,PRTN3
754,P24043,0,0,0,0,0,0,0,No,LAMA2
753,P23946,0,0,0,0,0,0,0,No,CMA1
752,P23786,0,0,0,0,0,0,0,No,CPT2
751,P23528,0,0,0,0,0,0,0,No,CFL1
750,P23526,0,0,0,0,0,0,0,No,AHCY
749,P23497,0,0,0,0,0,0,0,No,SP100
747,P23381-2,0,0,0,0,0,0,0,No,WARS
746,P23378,0,0,0,0,0,0,0,No,GLDC
745,P23284,0,0,0,0,0,0,0,No,PPIB
744,P23246,0,0,0,0,0,0,0,No,SFPQ
743,P23229-7,0,0,0,0,0,0,0,No,ITGA6
741,P23141-3,0,0,0,0,0,0,0,No,CES1
740,P23083,0,0,0,0,0,0,0,No,IGHV1-2
739,P22735,0,0,0,0,0,0,0,No,TGM1
736,P22532,0,0,0,0,0,0,0,No,SPRR2D
735,P22531,0,0,0,0,0,0,0,No,SPRR2E
734,P22528,0,0,0,0,0,0,0,No,SPRR1B
733,P22314-2,0,0,0,0,0,0,0,No,UBA1
732,P22234,0,0,0,0,0,0,0,No,PAICS
731,P22105,0,0,0,0,0,0,0,No,TNXB
730,P22102,0,0,0,0,0,0,0,No,GART
729,P22087,0,0,0,0,0,0,0,No,FBL
728,P22061,0,0,0,0,0,0,0,No,PCMT1
726,P21810,0,0,0,0,0,0,0,No,BGN
725,P21802-12,0,0,0,0,0,0,0,No,FGFR2
724,P21796,0,0,0,0,0,0,0,No,VDAC1
722,P21675-10,0,0,0,0,0,0,0,No,TAF1
721,P21589-2,0,0,0,0,0,0,0,No,NT5E
720,P21549,0,0,0,0,0,0,0,No,AGXT
719,P21506,0,0,0,0,0,0,0,No,ZNF10
718,P21399,0,0,0,0,0,0,0,No,ACO1
717,P21397,0,0,0,0,0,0,0,No,MAOA
716,P21333-2,0,0,0,0,0,0,0,No,FLNA
715,P21281,0,0,0,0,0,0,0,No,ATP6V1B2
714,P21128-3,0,0,0,0,0,0,0,No,ENDOU
713,P21127,0,0,0,0,0,0,0,No,CDK11B
712,P20929-4,0,0,0,0,0,0,0,No,NEB
711,P20908,0,0,0,0,0,0,0,No,COL5A1
710,P20774,0,0,0,0,0,0,0,No,OGN
709,P20700,0,0,0,0,0,0,0,No,LMNB1
708,P20591-2,0,0,0,0,0,0,0,No,MX1
707,P20339-2,0,0,0,0,0,0,0,No,RAB5A
706,P20336,0,0,0,0,0,0,0,No,RAB3A
705,P20073-2,0,0,0,0,0,0,0,No,ANXA7
704,P19971,0,0,0,0,0,0,0,No,TYMP
703,P19957,0,0,0,0,0,0,0,No,PI3
702,P19827,0,0,0,0,0,0,0,No,ITIH1
701,P19823,0,0,0,0,0,0,0,No,ITIH2
699,P19388,0,0,0,0,0,0,0,No,POLR2E
698,P19387,0,0,0,0,0,0,0,No,POLR2C
697,P19367-4,0,0,0,0,0,0,0,No,HK1
696,P19338,0,0,0,0,0,0,0,No,NCL
695,P19224-3,0,0,0,0,0,0,0,No,UGT1A6
694,P19022-2,0,0,0,0,0,0,0,No,CDH2
693,P18669,0,0,0,0,0,0,0,No,PGAM1
691,P18583-2,0,0,0,0,0,0,0,No,SON
690,P18564-2,0,0,0,0,0,0,0,No,ITGB6
689,P18206,0,0,0,0,0,0,0,No,VCL
688,P18124,0,0,0,0,0,0,0,No,RPL7
687,P18085,0,0,0,0,0,0,0,No,ARF4
686,P18077,0,0,0,0,0,0,0,No,RPL35A
685,P18065,0,0,0,0,0,0,0,No,IGFBP2
684,P17987,0,0,0,0,0,0,0,No,TCP1
683,P17980,0,0,0,0,0,0,0,No,PSMC3
682,P17931,0,0,0,0,0,0,0,No,LGALS3
681,P17900,0,0,0,0,0,0,0,No,GM2A
680,P17858,0,0,0,0,0,0,0,No,PFKL
679,P17844-2,0,0,0,0,0,0,0,No,DDX5
678,P17812-2,0,0,0,0,0,0,0,No,CTPS1
677,P17661,0,0,0,0,0,0,0,No,DES
676,P17655,0,0,0,0,0,0,0,No,CAPN2
675,P17480-2,0,0,0,0,0,0,0,No,UBTF
674,P17213,0,0,0,0,0,0,0,No,BPI
673,P17174,0,0,0,0,0,0,0,No,GOT1
672,P17097,0,0,0,0,0,0,0,No,ZNF7
671,P17066,0,0,0,0,0,0,0,No,HSPA6
670,Q5VIY5,0,0,0,0,0,0,0,No,ZNF468
669,P17029,0,0,0,0,0,0,0,No,ZKSCAN1
668,P17017,0,0,0,0,0,0,0,No,ZNF14
667,P17014-4,0,0,0,0,0,0,0,No,ZNF12
666,P16989-2,0,0,0,0,0,0,0,No,YBX3
665,P16930-2,0,0,0,0,0,0,0,No,FAH
664,P16662,0,0,0,0,0,0,0,No,UGT2B7
663,P16615-5,0,0,0,0,0,0,0,No,ATP2A2
662,P16435,0,0,0,0,0,0,0,No,POR
661,P16422,0,0,0,0,0,0,0,No,EPCAM
660,P16403,0,0,0,0,0,0,0,No,HIST1H1C
659,P16401,0,0,0,0,0,0,0,No,HIST1H1B
658,P16278,0,0,0,0,0,0,0,No,GLB1
657,P16219,0,0,0,0,0,0,0,No,ACADS
656,P16152,0,0,0,0,0,0,0,No,CBR1
655,P16144-3,0,0,0,0,0,0,0,No,ITGB4
654,P15924,0,0,0,0,0,0,0,No,DSP
652,P15559-3,0,0,0,0,0,0,0,No,NQO1
651,P15531,0,0,0,0,0,0,0,No,NME1
650,P15311,0,0,0,0,0,0,0,No,EZR
649,P15104,0,0,0,0,0,0,0,No,GLUL
648,P15088,0,0,0,0,0,0,0,No,CPA3
647,P14923,0,0,0,0,0,0,0,No,JUP
646,P14868,0,0,0,0,0,0,0,No,DARS
645,P14866,0,0,0,0,0,0,0,No,HNRNPL
643,P14735,0,0,0,0,0,0,0,No,IDE
642,P14678-2,0,0,0,0,0,0,0,No,SNRPB
640,P14618,0,0,0,0,0,0,0,No,PKM
639,P14550,0,0,0,0,0,0,0,No,AKR1A1
637,P14373,0,0,0,0,0,0,0,No,TRIM27
636,P13807-2,0,0,0,0,0,0,0,No,GYS1
635,P13798,0,0,0,0,0,0,0,No,APEH
634,P13797,0,0,0,0,0,0,0,No,PLS3
633,P13796,0,0,0,0,0,0,0,No,LCP1
632,P13727,0,0,0,0,0,0,0,No,PRG2
631,P13674-3,0,0,0,0,0,0,0,No,P4HA1
629,P13667,0,0,0,0,0,0,0,No,PDIA4
628,P13639,0,0,0,0,0,0,0,No,EEF2
626,P13497-4,0,0,0,0,0,0,0,No,BMP1
625,P13489,0,0,0,0,0,0,0,No,RNH1
624,P13010,0,0,0,0,0,0,0,No,XRCC5
623,P12956,0,0,0,0,0,0,0,No,XRCC6
622,P12955-3,0,0,0,0,0,0,0,No,PEPD
621,P12830,0,0,0,0,0,0,0,No,CDH1
620,P12814-3,0,0,0,0,0,0,0,No,ACTN1
619,P12724,0,0,0,0,0,0,0,No,RNASE3
618,P12532,0,0,0,0,0,0,0,No,CKMT1A
617,P12429,0,0,0,0,0,0,0,No,ANXA3
616,P12277,0,0,0,0,0,0,0,No,CKB
615,P12270,0,0,0,0,0,0,0,No,TPR
613,P12236,0,0,0,0,0,0,0,No,SLC25A6
612,P12111-4,0,0,0,0,0,0,0,No,COL6A3
607,P12081-3,0,0,0,0,0,0,0,No,HARS
606,P12004,0,0,0,0,0,0,0,Yes,PCNA
604,P11908,0,0,0,0,0,0,0,No,PRPS2
603,P11766,0,0,0,0,0,0,0,No,ADH5
602,P11717,0,0,0,0,0,0,0,No,IGF2R
601,P33261,0,0,0,0,0,0,0,No,CYP2C19
599,P11586,0,0,0,0,0,0,0,No,MTHFD1
598,P11532-10,0,0,0,0,0,0,0,No,DMD
597,P11532-4,0,0,0,0,0,0,0,No,DMD
596,P11509,0,0,0,0,0,0,0,No,CYP2A6
595,P11498,0,0,0,0,0,0,0,No,PC
594,P11388,0,0,0,0,0,0,0,No,TOP2A
593,P11387,0,0,0,0,0,0,0,Yes,TOP1
592,P11277-3,0,0,0,0,0,0,0,No,SPTB
591,P11216,0,0,0,0,0,0,0,No,PYGB
590,P11182,0,0,0,0,0,0,0,No,DBT
589,P11171-6,0,0,0,0,0,0,0,No,EPB41
588,P11168-2,0,0,0,0,0,0,0,No,SLC2A2
587,P11142,0,0,0,0,0,0,0,Yes,HSPA8
586,P11055,0,0,0,0,0,0,0,No,MYH3
584,P11021,0,0,0,0,0,0,0,No,HSPA5
582,P10809,0,0,0,0,0,0,0,No,HSPD1
581,P10768,0,0,0,0,0,0,0,No,ESD
580,P10644-2,0,0,0,0,0,0,0,No,PRKAR1A
578,P10632,0,0,0,0,0,0,0,No,CYP2C8
577,P10620,0,0,0,0,0,0,0,No,MGST1
576,P10619-2,0,0,0,0,0,0,0,No,CTSA
574,P10412,0,0,0,0,0,0,0,No,HIST1H1E
573,P10398,0,0,0,0,0,0,0,No,ARAF
572,P10316,0,0,0,0,0,0,0,No,HLA-A
571,P10253,0,0,0,0,0,0,0,No,GAA
569,P0DP25,0,0,0,0,0,0,0,No,CALM3
567,P0DN79,0,0,0,0,0,0,0,No,CBSL
566,P0DN76,0,0,0,0,0,0,0,No,U2AF1L5
565,P0DMV8,0,0,0,0,0,0,0,Yes,HSPA1A
564,P0CJ78,0,0,0,0,0,0,0,No,ZNF865
563,P0C869-8,0,0,0,0,0,0,0,No,PLA2G4B
562,Q99878,0,0,0,0,0,0,0,No,HIST1H2AJ
561,Q71UI9,0,0,0,0,0,0,0,No,H2AFV
559,P0C0L4,0,0,0,0,0,0,0,No,C4A
557,P09960-3,0,0,0,0,0,0,0,No,LTA4H
556,P09874,0,0,0,0,0,0,0,Yes,PARP1
555,P09871,0,0,0,0,0,0,0,No,C1S
554,P09661,0,0,0,0,0,0,0,No,SNRPA1
553,P09651-3,0,0,0,0,0,0,0,No,HNRNPA1
552,P09601,0,0,0,0,0,0,0,No,HMOX1
551,P09543,0,0,0,0,0,0,0,No,CNP
550,P09525,0,0,0,0,0,0,0,No,ANXA4
549,P09493-2,0,0,0,0,0,0,0,No,TPM1
548,P09467,0,0,0,0,0,0,0,No,FBP1
546,P09327,0,0,0,0,0,0,0,No,VIL1
545,P09234,0,0,0,0,0,0,0,No,SNRPC
544,P09211,0,0,0,0,0,0,0,No,GSTP1
543,P09210,0,0,0,0,0,0,0,No,GSTA2
542,P09110,0,0,0,0,0,0,0,No,ACAA1
541,P09012,0,0,0,0,0,0,0,No,SNRPA
540,P08865,0,0,0,0,0,0,0,No,RPSA
539,P08758,0,0,0,0,0,0,0,No,ANXA5
538,P08727,0,0,0,0,0,0,0,No,KRT19
537,P08708,0,0,0,0,0,0,0,No,RPS17
536,P08697,0,0,0,0,0,0,0,No,SERPINF2
535,P08670,0,0,0,0,0,0,0,No,VIM
534,P08621-3,0,0,0,0,0,0,0,No,SNRNP70
533,P08603,0,0,0,0,0,0,0,No,CFH
531,P08519,0,0,0,0,0,0,0,No,LPA
530,P08319,0,0,0,0,0,0,0,No,ADH4
528,P09238,0,0,0,0,0,0,0,No,MMP10
527,P08246,0,0,0,0,0,0,0,No,ELANE
525,P08237-3,0,0,0,0,0,0,0,No,PFKM
524,P08236-3,0,0,0,0,0,0,0,No,GUSB
523,P08133,0,0,0,0,0,0,0,No,ANXA6
522,P08123,0,0,0,0,0,0,0,No,COL1A2
521,P07996,0,0,0,0,0,0,0,No,THBS1
517,P07858,0,0,0,0,0,0,0,No,CTSB
516,P07814,0,0,0,0,0,0,0,No,EPRS
514,P07585,0,0,0,0,0,0,0,No,DCN
513,P07476,0,0,0,0,0,0,0,No,IVL
511,P07384,0,0,0,0,0,0,0,No,CAPN1
509,P07357,0,0,0,0,0,0,0,No,C8A
507,P07339,0,0,0,0,0,0,0,No,CTSD
506,P07332-2,0,0,0,0,0,0,0,No,FES
505,P07327,0,0,0,0,0,0,0,No,ADH1A
504,P07305,0,0,0,0,0,0,0,No,H1F0
503,P07237,0,0,0,0,0,0,0,No,P4HB
502,P07225,0,0,0,0,0,0,0,No,PROS1
501,P07197,0,0,0,0,0,0,0,No,NEFM
500,P07196,0,0,0,0,0,0,0,No,NEFL
498,P07148,0,0,0,0,0,0,0,No,FABP1
496,Q16778,0,0,0,0,0,0,0,No,HIST2H2BE
495,P06753-5,0,0,0,0,0,0,0,No,TPM3
494,P06753,0,0,0,0,0,0,0,No,TPM3
493,P06748-3,0,0,0,0,0,0,0,No,NPM1
492,P06744,0,0,0,0,0,0,0,No,GPI
488,P06702,0,0,0,0,0,0,0,No,S100A9
487,P06681,0,0,0,0,0,0,0,No,C2
486,P06576,0,0,0,0,0,0,0,No,ATP5F1B
485,P06454-2,0,0,0,0,0,0,0,No,PTMA
484,P06396-2,0,0,0,0,0,0,0,No,GSN
483,P06312,0,0,0,0,0,0,0,No,IGKV4-1
482,P06239-3,0,0,0,0,0,0,0,No,LCK
480,P05783,0,0,0,0,0,0,0,No,KRT18
479,P05556-2,0,0,0,0,0,0,0,No,ITGB1
478,P05546,0,0,0,0,0,0,0,No,SERPIND1
477,P05534,0,0,0,0,0,0,0,No,HLA-A
476,P05455,0,0,0,0,0,0,0,No,SSB
475,P05388-2,0,0,0,0,0,0,0,No,RPLP0
474,P05387,0,0,0,0,0,0,0,No,RPLP2
473,P05181,0,0,0,0,0,0,0,No,CYP2E1
472,P05177,0,0,0,0,0,0,0,No,CYP1A2
471,P05165-3,0,0,0,0,0,0,0,No,PCCA
469,P05161,0,0,0,0,0,0,0,No,ISG15
468,P05156,0,0,0,0,0,0,0,No,CFI
467,P05141,0,0,0,0,0,0,0,No,SLC25A5
466,P05120,0,0,0,0,0,0,0,No,SERPINB2
465,P05109,0,0,0,0,0,0,0,No,S100A8
462,P05089-2,0,0,0,0,0,0,0,No,ARG1
461,P05062,0,0,0,0,0,0,0,No,ALDOB
460,P05026-2,0,0,0,0,0,0,0,No,ATP1B1
459,P05023-4,0,0,0,0,0,0,0,No,ATP1A1
458,P05015,0,0,0,0,0,0,0,No,IFNA16
457,P04899-4,0,0,0,0,0,0,0,No,GNAI2
456,P04844-2,0,0,0,0,0,0,0,No,RPN2
455,P04843,0,0,0,0,0,0,0,No,RPN1
454,P04792,0,0,0,0,0,0,0,No,HSPB1
452,P04430,0,0,0,0,0,0,0,No,IGKV1-16
451,P04424-2,0,0,0,0,0,0,0,No,ASL
450,P04406,0,0,0,0,0,0,0,No,GAPDH
449,P04279-2,0,0,0,0,0,0,0,No,SEMG1
447,P04264,0,0,0,0,0,0,0,No,KRT1
445,P04196,0,0,0,0,0,0,0,No,HRG
444,P04114,0,0,0,0,0,0,0,No,APOB
443,P04083,0,0,0,0,0,0,0,No,ANXA1
442,P04080,0,0,0,0,0,0,0,No,CSTB
441,P04075,0,0,0,0,0,0,0,No,ALDOA
440,P04049,0,0,0,0,0,0,0,No,RAF1
439,P04040,0,0,0,0,0,0,0,No,CAT
436,P02794,0,0,0,0,0,0,0,No,FTH1
435,P02792,0,0,0,0,0,0,0,No,FTL
434,P02790,0,0,0,0,0,0,0,No,HPX
433,P02788,0,0,0,0,0,0,0,No,LTF
432,P02787,0,0,0,0,0,0,0,No,TF
431,P02774,0,0,0,0,0,0,0,No,GC
428,P02747,0,0,0,0,0,0,0,No,C1QC
426,P02745,0,0,0,0,0,0,0,No,C1QA
425,P02743,0,0,0,0,0,0,0,No,APCS
424,P02730-2,0,0,0,0,0,0,0,No,SLC4A1
419,P02549-2,0,0,0,0,0,0,0,No,SPTA1
418,P02545-3,0,0,0,0,0,0,0,No,LMNA
416,P02545,0,0,0,0,0,0,0,No,LMNA
413,P02461,0,0,0,0,0,0,0,No,COL3A1
412,P02452,0,0,0,0,0,0,0,No,COL1A1
411,P01903,0,0,0,0,0,0,0,No,HLA-DRA
409,P01877,0,0,0,0,0,0,0,No,IGHA2
403,P01857,0,0,0,0,0,0,0,No,IGHG1
401,P01833,0,0,0,0,0,0,0,No,PIGR
400,P0DP04,0,0,0,0,0,0,0,No,IGHV3-43D
399,P01780,0,0,0,0,0,0,0,No,IGHV3-7
397,P01766,0,0,0,0,0,0,0,No,IGHV3-13
396,P01743,0,0,0,0,0,0,0,No,IGHV1-46
394,P01717,0,0,0,0,0,0,0,No,IGLV3-25
392,P01704,0,0,0,0,0,0,0,No,IGLV2-14
391,P01700,0,0,0,0,0,0,0,No,IGLV1-47
389,P01602,0,0,0,0,0,0,0,No,IGKV1-5
388,P01601,0,0,0,0,0,0,0,No,IGKV1D-16
387,P04432,0,0,0,0,0,0,0,No,IGKV1D-39
386,P01594,0,0,0,0,0,0,0,No,IGKV1-33
385,P01591,0,0,0,0,0,0,0,No,JCHAIN
384,P01275,0,0,0,0,0,0,0,No,GCG
383,P01042,0,0,0,0,0,0,0,No,KNG1
382,P01040,0,0,0,0,0,0,0,No,CSTA
381,P01034,0,0,0,0,0,0,0,No,CST3
379,P01024,0,0,0,0,0,0,0,No,C3
378,P01023,0,0,0,0,0,0,0,No,A2M
377,P01019,0,0,0,0,0,0,0,No,AGT
375,P01009,0,0,0,0,0,0,0,No,SERPINA1
373,P00966,0,0,0,0,0,0,0,No,ASS1
372,P00751,0,0,0,0,0,0,0,No,CFB
370,P00740-2,0,0,0,0,0,0,0,No,F9
369,P00738-2,0,0,0,0,0,0,0,No,HP
368,P00736,0,0,0,0,0,0,0,No,C1R
367,P00734,0,0,0,0,0,0,0,No,F2
365,P00505-2,0,0,0,0,0,0,0,No,GOT2
364,P00491,0,0,0,0,0,0,0,No,PNP
363,P00488,0,0,0,0,0,0,0,No,F13A1
362,P00480,0,0,0,0,0,0,0,No,OTC
361,P00450,0,0,0,0,0,0,0,No,CP
360,P00439,0,0,0,0,0,0,0,No,PAH
359,P00403,0,0,0,0,0,0,0,No,MT-CO2
358,P00390-5,0,0,0,0,0,0,0,No,GSR
357,P00387-2,0,0,0,0,0,0,0,No,CYB5R3
356,P00367,0,0,0,0,0,0,0,No,GLUD1
355,P00352,0,0,0,0,0,0,0,No,ALDH1A1
353,P00326,0,0,0,0,0,0,0,No,ADH1C
352,P00325,0,0,0,0,0,0,0,No,ADH1B
351,ORF2P.197,0,0,0,0,0,0,0,No,NA
348,ORF1P.92,0,0,0,0,0,0,0,No,NA
347,ORF1P.91,0,0,0,0,0,0,0,No,NA
346,ORF1P.9,0,0,0,0,0,0,0,No,NA
345,ORF1P.8,0,0,0,0,0,0,0,No,NA
341,ORF1P.72,0,0,0,0,0,0,0,No,NA
340,ORF1P.7,0,0,0,0,0,0,0,No,NA
338,ORF1P.65,0,0,0,0,0,0,0,No,NA
337,ORF1P.63,0,0,0,0,0,0,0,No,NA
336,ORF1P.61,0,0,0,0,0,0,0,No,NA
334,ORF1P.58,0,0,0,0,0,0,0,No,NA
331,ORF1P.50,0,0,0,0,0,0,0,No,NA
328,ORF1P.44,0,0,0,0,0,0,0,No,NA
327,ORF1P.41,0,0,0,0,0,0,0,No,NA
325,ORF1P.32,0,0,0,0,0,0,0,No,NA
323,ORF1P.28,0,0,0,0,0,0,0,No,NA
322,ORF1P.24,0,0,0,0,0,0,0,No,NA
321,ORF1P.23,0,0,0,0,0,0,0,No,NA
320,ORF1P.21,0,0,0,0,0,0,0,No,NA
318,ORF1P.17,0,0,0,0,0,0,0,No,NA
316,ORF1P.126,0,0,0,0,0,0,0,No,NA
313,ORF1P.116,0,0,0,0,0,0,0,No,NA
308,ORF1P.101,0,0,0,0,0,0,0,No,NA
306,O96008-2,0,0,0,0,0,0,0,Yes,TOMM40
305,O95994,0,0,0,0,0,0,0,No,AGR2
304,O95967,0,0,0,0,0,0,0,No,EFEMP2
303,O95954,0,0,0,0,0,0,0,No,FTCD
302,O95834,0,0,0,0,0,0,0,No,EML2
301,O95832,0,0,0,0,0,0,0,No,CLDN1
300,O95831-3,0,0,0,0,0,0,0,No,AIFM1
299,O95817,0,0,0,0,0,0,0,No,BAG3
298,O95786,0,0,0,0,0,0,0,No,DDX58
297,O95785-2,0,0,0,0,0,0,0,No,WIZ
295,O95613,0,0,0,0,0,0,0,No,PCNT
294,O95573,0,0,0,0,0,0,0,No,ACSL3
293,O95571,0,0,0,0,0,0,0,No,ETHE1
292,O95498-6,0,0,0,0,0,0,0,No,VNN2
291,O95486,0,0,0,0,0,0,0,No,SEC24A
290,O95479,0,0,0,0,0,0,0,No,H6PD
288,O95425-2,0,0,0,0,0,0,0,No,SVIL
287,O95373,0,0,0,0,0,0,0,Yes,IPO7
286,O95340,0,0,0,0,0,0,0,No,PAPSS2
285,O95255,0,0,0,0,0,0,0,No,ABCC6
284,O95232,0,0,0,0,0,0,0,No,LUC7L3
283,O95218-2,0,0,0,0,0,0,0,No,ZRANB2
282,O95154,0,0,0,0,0,0,0,No,AKR7A3
281,O94979-6,0,0,0,0,0,0,0,No,SEC31A
280,O94973-3,0,0,0,0,0,0,0,No,AP2A2
279,O94929,0,0,0,0,0,0,0,No,ABLIM3
278,O94906,0,0,0,0,0,0,0,No,PRPF6
277,O94905,0,0,0,0,0,0,0,No,ERLIN2
276,O94901-9,0,0,0,0,0,0,0,No,SUN1
275,O94887-3,0,0,0,0,0,0,0,No,FARP2
274,O94875-2,0,0,0,0,0,0,0,No,SORBS2
273,O94875-10,0,0,0,0,0,0,0,No,SORBS2
272,O94875-9,0,0,0,0,0,0,0,No,SORBS2
271,O94855,0,0,0,0,0,0,0,No,SEC24D
270,O94832,0,0,0,0,0,0,0,No,MYO1D
269,O94812-7,0,0,0,0,0,0,0,No,BAIAP3
268,O94769,0,0,0,0,0,0,0,No,ECM2
267,O76062,0,0,0,0,0,0,0,No,TM7SF2
266,O76024,0,0,0,0,0,0,0,No,WFS1
265,O76021,0,0,0,0,0,0,0,No,RSL1D1
264,O75955-2,0,0,0,0,0,0,0,No,FLOT1
263,O75891,0,0,0,0,0,0,0,No,ALDH1L1
262,O75874,0,0,0,0,0,0,0,No,IDH1
261,O75820-3,0,0,0,0,0,0,0,No,ZNF189
260,P54855,0,0,0,0,0,0,0,No,UGT2B15
259,O75792,0,0,0,0,0,0,0,No,RNASEH2A
258,O75694,0,0,0,0,0,0,0,No,NUP155
257,O75643,0,0,0,0,0,0,0,No,SNRNP200
255,O75635-2,0,0,0,0,0,0,0,No,SERPINB7
254,O75610,0,0,0,0,0,0,0,No,LEFTY1
252,O75592-2,0,0,0,0,0,0,0,No,MYCBP2
251,O75569-3,0,0,0,0,0,0,0,No,PRKRA
250,O75534-2,0,0,0,0,0,0,0,No,CSDE1
249,O75533,0,0,0,0,0,0,0,No,SF3B1
248,O75531,0,0,0,0,0,0,0,No,BANF1
247,O75494-5,0,0,0,0,0,0,0,No,SRSF10
246,O75477,0,0,0,0,0,0,0,No,ERLIN1
245,O75452,0,0,0,0,0,0,0,No,RDH16
244,O75436-2,0,0,0,0,0,0,0,No,VPS26A
243,O75420,0,0,0,0,0,0,0,No,GIGYF1
241,O75400,0,0,0,0,0,0,0,No,PRPF40A
240,O75396,0,0,0,0,0,0,0,No,SEC22B
239,O75390,0,0,0,0,0,0,0,No,CS
238,O75369-2,0,0,0,0,0,0,0,No,FLNB
237,O75367,0,0,0,0,0,0,0,No,H2AFY
236,O95670-2,0,0,0,0,0,0,0,No,ATP6V1G2
235,O75342,0,0,0,0,0,0,0,No,ALOX12B
234,O75340-2,0,0,0,0,0,0,0,No,PDCD6
233,O75223,0,0,0,0,0,0,0,No,GGCT
232,O75190-2,0,0,0,0,0,0,0,No,DNAJB6
231,O75170-6,0,0,0,0,0,0,0,No,PPP6R2
229,O75147-2,0,0,0,0,0,0,0,No,OBSL1
228,O75146,0,0,0,0,0,0,0,No,HIP1R
227,O75131,0,0,0,0,0,0,0,No,CPNE3
226,O75127,0,0,0,0,0,0,0,No,PTCD1
224,O75071,0,0,0,0,0,0,0,No,EFCAB14
223,O75052-3,0,0,0,0,0,0,0,No,NOS1AP
222,O75038-5,0,0,0,0,0,0,0,No,PLCH2
221,O75030-11,0,0,0,0,0,0,0,No,MITF
220,O60885,0,0,0,0,0,0,0,No,BRD4
219,O60884,0,0,0,0,0,0,0,No,DNAJA2
218,O60844,0,0,0,0,0,0,0,No,ZG16
217,O60832,0,0,0,0,0,0,0,No,DKC1
216,Q99880,0,0,0,0,0,0,0,No,HIST1H2BL
215,O60784-3,0,0,0,0,0,0,0,No,TOM1
214,O60763,0,0,0,0,0,0,0,No,USO1
213,O60762,0,0,0,0,0,0,0,No,DPM1
212,O60716,0,0,0,0,0,0,0,No,CTNND1
211,O60701,0,0,0,0,0,0,0,No,UGDH
210,O60687,0,0,0,0,0,0,0,No,SRPX2
209,O60664-4,0,0,0,0,0,0,0,No,PLIN3
208,O60610-2,0,0,0,0,0,0,0,No,DIAPH1
207,O60568,0,0,0,0,0,0,0,No,PLOD3
206,O60547-2,0,0,0,0,0,0,0,No,GMDS
205,O60513,0,0,0,0,0,0,0,No,B4GALT4
204,O60508,0,0,0,0,0,0,0,No,CDC40
203,O60506-4,0,0,0,0,0,0,0,No,SYNCRIP
201,O60437,0,0,0,0,0,0,0,No,PPL
200,O60313-13,0,0,0,0,0,0,0,No,OPA1
199,O60306,0,0,0,0,0,0,0,No,AQR
198,O60282,0,0,0,0,0,0,0,No,KIF5C
197,O60264,0,0,0,0,0,0,0,No,SMARCA5
196,O60216,0,0,0,0,0,0,0,No,RAD21
194,O43823,0,0,0,0,0,0,0,No,AKAP8
193,O43809,0,0,0,0,0,0,0,No,NUDT21
191,O43776,0,0,0,0,0,0,0,No,NARS
190,O43772,0,0,0,0,0,0,0,No,SLC25A20
189,O43707,0,0,0,0,0,0,0,No,ACTN4
187,O43670-3,0,0,0,0,0,0,0,No,ZNF207
185,O43424-2,0,0,0,0,0,0,0,No,GRID2
184,O43390-4,0,0,0,0,0,0,0,No,HNRNPR
183,O43301,0,0,0,0,0,0,0,No,HSPA12A
182,O43295,0,0,0,0,0,0,0,No,SRGAP3
181,O43294-2,0,0,0,0,0,0,0,No,TGFB1I1
180,O43242,0,0,0,0,0,0,0,No,PSMD3
179,O43175,0,0,0,0,0,0,0,No,PHGDH
178,O43143,0,0,0,0,0,0,0,No,DHX15
177,O15372,0,0,0,0,0,0,0,No,EIF3H
175,O15320-9,0,0,0,0,0,0,0,No,NA
173,O15260,0,0,0,0,0,0,0,No,SURF4
172,O15231-5,0,0,0,0,0,0,0,No,ZNF185
170,O15213,0,0,0,0,0,0,0,No,WDR46
169,O15204-2,0,0,0,0,0,0,0,No,ADAMDEC1
168,O15173,0,0,0,0,0,0,0,No,PGRMC2
167,O15145,0,0,0,0,0,0,0,No,ARPC3
166,O15144,0,0,0,0,0,0,0,No,ARPC2
164,O15117-3,0,0,0,0,0,0,0,No,FYB1
163,O15085,0,0,0,0,0,0,0,No,ARHGEF11
162,O15083,0,0,0,0,0,0,0,No,ERC2
161,O15061-2,0,0,0,0,0,0,0,No,SYNM
160,O15042,0,0,0,0,0,0,0,No,U2SURP
159,O15027-2,0,0,0,0,0,0,0,No,SEC16A
158,O15021-2,0,0,0,0,0,0,0,No,MAST4
157,O15020-2,0,0,0,0,0,0,0,No,SPTBN2
156,O14986-3,0,0,0,0,0,0,0,No,PIP5K1B
155,O14979-3,0,0,0,0,0,0,0,No,HNRNPDL
154,O14975-2,0,0,0,0,0,0,0,No,SLC27A2
152,O14880,0,0,0,0,0,0,0,No,MGST3
151,O14841,0,0,0,0,0,0,0,No,OPLAH
150,O14830-2,0,0,0,0,0,0,0,No,PPEF2
149,O14818-2,0,0,0,0,0,0,0,No,PSMA7
148,O14773-2,0,0,0,0,0,0,0,No,TPP1
147,O14744,0,0,0,0,0,0,0,No,PRMT5
146,O14678,0,0,0,0,0,0,0,No,ABCD4
145,O14639-4,0,0,0,0,0,0,0,No,ABLIM1
144,Q5TA81,0,0,0,0,0,0,0,No,LCE2C
143,O14617-4,0,0,0,0,0,0,0,No,AP3D1
142,O14579,0,0,0,0,0,0,0,No,COPE
141,O14561,0,0,0,0,0,0,0,No,NDUFAB1
140,O14558,0,0,0,0,0,0,0,No,HSPB6
139,O14493,0,0,0,0,0,0,0,No,CLDN4
138,O00763-3,0,0,0,0,0,0,0,No,ACACB
137,O00602,0,0,0,0,0,0,0,No,FCN1
136,O00571-2,0,0,0,0,0,0,0,No,DDX3X
135,O00567,0,0,0,0,0,0,0,No,NOP56
134,O00566,0,0,0,0,0,0,0,No,MPHOSPH10
133,O00560-2,0,0,0,0,0,0,0,No,SDCBP
132,O00560-3,0,0,0,0,0,0,0,No,SDCBP
131,O00541-2,0,0,0,0,0,0,0,No,PES1
130,O00487,0,0,0,0,0,0,0,No,PSMD14
128,O00425,0,0,0,0,0,0,0,No,IGF2BP3
127,O00422,0,0,0,0,0,0,0,No,SAP18
126,O00410-2,0,0,0,0,0,0,0,No,IPO5
125,O00391-2,0,0,0,0,0,0,0,No,QSOX1
124,O00339-2,0,0,0,0,0,0,0,No,MATN2
123,O00303,0,0,0,0,0,0,0,No,EIF3F
122,O00299,0,0,0,0,0,0,0,No,CLIC1
121,O00268,0,0,0,0,0,0,0,No,TAF4
120,O00258,0,0,0,0,0,0,0,No,WRB
119,O00232-2,0,0,0,0,0,0,0,No,PSMD12
118,O00203-3,0,0,0,0,0,0,0,No,AP3B1
117,O00192-2,0,0,0,0,0,0,0,No,ARVCF
116,O00182-3,0,0,0,0,0,0,0,No,LGALS9
115,O00160,0,0,0,0,0,0,0,No,MYO1F
114,O00159-3,0,0,0,0,0,0,0,No,MYO1C
113,O00159-2,0,0,0,0,0,0,0,No,MYO1C
112,O00159,0,0,0,0,0,0,0,No,MYO1C
111,O00151,0,0,0,0,0,0,0,No,PDLIM1
110,O00148,0,0,0,0,0,0,0,No,DDX39A
109,O00116,0,0,0,0,0,0,0,No,AGPS
108,Q13765,0,0,0,0,0,0,0,No,NACA
107,CON__REFSEQ:XP_986630,0,0,0,0,0,0,0,No,NA
106,CON__Q9NSB4,0,0,0,0,0,0,0,No,NA
105,CON__Q9H552,0,0,0,0,0,0,0,No,NA
104,CON__Q9C075,0,0,0,0,0,0,0,No,NA
103,CON__Q92764,0,0,0,0,0,0,0,No,NA
102,CON__Q8VED5,0,0,0,0,0,0,0,No,NA
101,CON__Q86YZ3,0,0,0,0,0,0,0,No,NA
100,CON__Q7Z794,0,0,0,0,0,0,0,No,NA
99,CON__Q8N1N4-2,0,0,0,0,0,0,0,No,NA
98,CON__Q6NT21,0,0,0,0,0,0,0,No,NA
97,CON__Q6KB66-1,0,0,0,0,0,0,0,No,NA
96,CON__Q6ISB0,0,0,0,0,0,0,0,No,NA
95,CON__Q6IFX2,0,0,0,0,0,0,0,No,NA
94,CON__Q61782,0,0,0,0,0,0,0,No,NA
93,CON__Q61726,0,0,0,0,0,0,0,No,NA
92,CON__Q5D862,0,0,0,0,0,0,0,No,NA
91,CON__Q497I4,0,0,0,0,0,0,0,No,NA
90,CON__Q3SY84,0,0,0,0,0,0,0,No,NA
89,CON__Q3MHH8,0,0,0,0,0,0,0,No,NA
88,CON__Q3KNV1,0,0,0,0,0,0,0,No,NA
87,CON__Q32MB2,0,0,0,0,0,0,0,No,NA
86,CON__Q2UVX4,0,0,0,0,0,0,0,No,NA
85,CON__Q1RMN8,0,0,0,0,0,0,0,No,NA
84,CON__Q15323,0,0,0,0,0,0,0,No,NA
83,CON__Q14CN4-1,0,0,0,0,0,0,0,No,NA
82,CON__Q14525,0,0,0,0,0,0,0,No,NA
81,CON__Q05443,0,0,0,0,0,0,0,No,NA
80,CON__Q04695,0,0,0,0,0,0,0,No,NA
79,CON__P78386,0,0,0,0,0,0,0,No,NA
78,CON__P67983,0,0,0,0,0,0,0,No,NA
77,CON__P35908v2,0,0,0,0,0,0,0,No,NA
76,CON__P35900,0,0,0,0,0,0,0,No,NA
75,CON__P20930,0,0,0,0,0,0,0,No,NA
74,CON__P19013,0,0,0,0,0,0,0,No,NA
73,CON__P19012,0,0,0,0,0,0,0,No,NA
72,CON__P19001,0,0,0,0,0,0,0,No,NA
71,CON__P13647,0,0,0,0,0,0,0,No,NA
70,CON__P13646-1,0,0,0,0,0,0,0,No,NA
69,CON__P13645,0,0,0,0,0,0,0,No,NA
68,CON__P12035,0,0,0,0,0,0,0,No,NA
67,CON__P08779,0,0,0,0,0,0,0,No,NA
66,CON__P08730-1,0,0,0,0,0,0,0,No,NA
65,CON__P08727,0,0,0,0,0,0,0,No,NA
64,CON__P07477,0,0,0,0,0,0,0,No,NA
63,CON__P05787,0,0,0,0,0,0,0,No,NA
62,CON__P05784,0,0,0,0,0,0,0,No,NA
61,CON__P04258,0,0,0,0,0,0,0,No,NA
60,CON__P02769,0,0,0,0,0,0,0,No,NA
59,CON__P02768-1,0,0,0,0,0,0,0,No,NA
58,CON__P02754,0,0,0,0,0,0,0,No,NA
57,CON__P02676,0,0,0,0,0,0,0,No,NA
56,CON__P02668,0,0,0,0,0,0,0,No,NA
55,CON__P02666,0,0,0,0,0,0,0,No,NA
54,CON__P02663,0,0,0,0,0,0,0,No,NA
53,CON__P02662,0,0,0,0,0,0,0,No,NA
52,CON__P02538,0,0,0,0,0,0,0,No,NA
51,CON__P02533,0,0,0,0,0,0,0,No,NA
50,CON__P01966,0,0,0,0,0,0,0,No,NA
49,CON__P00761,0,0,0,0,0,0,0,No,NA
48,CON__O95678,0,0,0,0,0,0,0,No,NA
47,CON__O76013,0,0,0,0,0,0,0,No,NA
46,CON__O76011,0,0,0,0,0,0,0,No,NA
45,O76009,0,0,0,0,0,0,0,No,KRT33A
44,CON__O43790,0,0,0,0,0,0,0,No,NA
43,CON__H-INV:HIT000292931,0,0,0,0,0,0,0,No,NA
42,CON__ENSEMBL:ENSBTAP00000025008,0,0,0,0,0,0,0,No,NA
41,CON__ENSEMBL:ENSBTAP00000014147,0,0,0,0,0,0,0,No,NA
40,CON__A2A5Y0,0,0,0,0,0,0,0,No,NA
38,Q5R372-7,0,0,0,0,0,0,0,No,RABGAP1L
37,Q99613-2,0,0,0,0,0,0,0,No,EIF3C
36,P09429,0,0,0,0,0,0,0,No,HMGB1
35,A9UHW6,0,0,0,0,0,0,0,No,MIF4GD
34,P62308,0,0,0,0,0,0,0,No,SNRPG
33,A8MQ14,0,0,0,0,0,0,0,No,ZNF850
32,A8K7I4,0,0,0,0,0,0,0,No,CLCA1
31,A8K2U0,0,0,0,0,0,0,0,No,A2ML1
30,A7KAX9-2,0,0,0,0,0,0,0,No,ARHGAP32
29,A6NN14,0,0,0,0,0,0,0,No,ZNF729
28,A6NMB1,0,0,0,0,0,0,0,No,SIGLEC16
27,A6NKT7,0,0,0,0,0,0,0,No,RGPD3
26,A6NIE6,0,0,0,0,0,0,0,No,RRN3P2
25,A6NHL2-2,0,0,0,0,0,0,0,No,TUBAL3
24,A6NFI3,0,0,0,0,0,0,0,No,ZNF316
23,A6NDB9,0,0,0,0,0,0,0,No,PALM3
22,A4UGR9-2,0,0,0,0,0,0,0,No,XIRP2
21,A3KMH1,0,0,0,0,0,0,0,No,VWA8
20,A1L0T0,0,0,0,0,0,0,0,No,ILVBL
19,A0FGR8-2,0,0,0,0,0,0,0,No,ESYT2
18,A0A1B0GTR4,0,0,0,0,0,0,0,No,SPRR5
17,A0A0J9YXX1,0,0,0,0,0,0,0,No,IGHV5-10-1
16,A0A0J9YX35,0,0,0,0,0,0,0,No,IGHV3-64D
14,A0A0C4DH68,0,0,0,0,0,0,0,No,IGKV2-24
13,A0A0C4DH55,0,0,0,0,0,0,0,No,IGKV3D-7
10,A0A0C4DH34,0,0,0,0,0,0,0,No,IGHV4-28
7,A0A0B4J1V6,0,0,0,0,0,0,0,No,IGHV3-73
6,A0A0B4J1V0,0,0,0,0,0,0,0,No,IGHV3-15
5,A0A0A0MT36,0,0,0,0,0,0,0,No,IGKV6D-21
4,A0A0A0MS14,0,0,0,0,0,0,0,No,IGHV1-45
2,A0A087WUL8,0,0,0,0,0,0,0,No,NBPF19
